12;x86-64;O0;10.sql;1;2.878861
12;x86-64;O0;10.sql;2;2.879056
12;x86-64;O0;10.sql;3;2.877398
12;x86-64;O0;11.sql;1;0.202698
12;x86-64;O0;11.sql;2;0.198565
12;x86-64;O0;11.sql;3;0.198526
12;x86-64;O0;12.sql;1;3.231838
12;x86-64;O0;12.sql;2;3.231623
12;x86-64;O0;12.sql;3;3.231237
12;x86-64;O0;13.sql;1;2.498950
12;x86-64;O0;13.sql;2;2.497997
12;x86-64;O0;13.sql;3;2.495100
12;x86-64;O0;14.sql;1;0.643447
12;x86-64;O0;14.sql;2;0.390385
12;x86-64;O0;14.sql;3;0.390902
12;x86-64;O0;15.sql;1;1.553171
12;x86-64;O0;15.sql;2;1.113663
12;x86-64;O0;15.sql;3;1.113372
12;x86-64;O0;16.sql;1;1.086757
12;x86-64;O0;16.sql;2;1.072306
12;x86-64;O0;16.sql;3;1.078006
12;x86-64;O0;17-flattened.sql;1;6.754119
12;x86-64;O0;17-flattened.sql;2;6.747355
12;x86-64;O0;17-flattened.sql;3;6.767139
12;x86-64;O0;17.sql;1;6.410588
12;x86-64;O0;17.sql;2;6.407276
12;x86-64;O0;17.sql;3;6.401895
12;x86-64;O0;18.sql;1;8.310562
12;x86-64;O0;18.sql;2;8.433145
12;x86-64;O0;18.sql;3;8.568569
12;x86-64;O0;19.sql;1;0.187855
12;x86-64;O0;19.sql;2;0.168775
12;x86-64;O0;19.sql;3;0.169035
12;x86-64;O0;1.sql;1;19.599500
12;x86-64;O0;1.sql;2;19.598891
12;x86-64;O0;1.sql;3;19.619079
12;x86-64;O0;20-flattened.sql;1;3.931803
12;x86-64;O0;20-flattened.sql;2;3.848534
12;x86-64;O0;20-flattened.sql;3;3.831348
12;x86-64;O0;20.sql;1;2.987258
12;x86-64;O0;20.sql;2;2.969282
12;x86-64;O0;20.sql;3;2.968860
12;x86-64;O0;21.sql;1;3.536508
12;x86-64;O0;21.sql;2;3.426899
12;x86-64;O0;21.sql;3;3.413592
12;x86-64;O0;22.sql;1;0.436801
12;x86-64;O0;22.sql;2;0.421163
12;x86-64;O0;22.sql;3;0.421731
12;x86-64;O0;2-flattened.sql;1;1.203210
12;x86-64;O0;2-flattened.sql;2;1.103412
12;x86-64;O0;2-flattened.sql;3;1.103102
12;x86-64;O0;2.sql;1;0.511267
12;x86-64;O0;2.sql;2;0.507809
12;x86-64;O0;2.sql;3;0.507538
12;x86-64;O0;3.sql;1;2.089025
12;x86-64;O0;3.sql;2;2.044683
12;x86-64;O0;3.sql;3;1.950577
12;x86-64;O0;4.sql;1;3.596997
12;x86-64;O0;4.sql;2;3.594918
12;x86-64;O0;4.sql;3;3.597740
12;x86-64;O0;5.sql;1;0.762065
12;x86-64;O0;5.sql;2;0.715782
12;x86-64;O0;5.sql;3;0.711217
12;x86-64;O0;6.sql;1;0.649802
12;x86-64;O0;6.sql;2;0.546559
12;x86-64;O0;6.sql;3;0.546998
12;x86-64;O0;7.sql;1;1.432933
12;x86-64;O0;7.sql;2;1.297509
12;x86-64;O0;7.sql;3;1.272030
12;x86-64;O0;8.sql;1;0.580023
12;x86-64;O0;8.sql;2;0.479473
12;x86-64;O0;8.sql;3;0.472783
12;x86-64;O0;9.sql;1;6.302695
12;x86-64;O0;9.sql;2;6.247181
12;x86-64;O0;9.sql;3;6.266856
12;x86-64;O1;10.sql;1;1.571540
12;x86-64;O1;10.sql;2;1.584722
12;x86-64;O1;10.sql;3;1.562748
12;x86-64;O1;11.sql;1;0.108285
12;x86-64;O1;11.sql;2;0.105459
12;x86-64;O1;11.sql;3;0.105454
12;x86-64;O1;12.sql;1;1.849541
12;x86-64;O1;12.sql;2;1.844761
12;x86-64;O1;12.sql;3;1.843564
12;x86-64;O1;13.sql;1;1.466546
12;x86-64;O1;13.sql;2;1.465121
12;x86-64;O1;13.sql;3;1.464011
12;x86-64;O1;14.sql;1;0.470677
12;x86-64;O1;14.sql;2;0.236534
12;x86-64;O1;14.sql;3;0.237013
12;x86-64;O1;15.sql;1;1.000780
12;x86-64;O1;15.sql;2;0.597239
12;x86-64;O1;15.sql;3;0.602170
12;x86-64;O1;16.sql;1;0.613933
12;x86-64;O1;16.sql;2;0.602135
12;x86-64;O1;16.sql;3;0.602567
12;x86-64;O1;17-flattened.sql;1;3.676011
12;x86-64;O1;17-flattened.sql;2;3.648616
12;x86-64;O1;17-flattened.sql;3;3.657285
12;x86-64;O1;17.sql;1;3.436187
12;x86-64;O1;17.sql;2;3.440113
12;x86-64;O1;17.sql;3;3.452123
12;x86-64;O1;18.sql;1;3.993271
12;x86-64;O1;18.sql;2;4.067440
12;x86-64;O1;18.sql;3;4.044181
12;x86-64;O1;19.sql;1;0.121677
12;x86-64;O1;19.sql;2;0.107786
12;x86-64;O1;19.sql;3;0.107779
12;x86-64;O1;1.sql;1;8.072183
12;x86-64;O1;1.sql;2;8.080293
12;x86-64;O1;1.sql;3;8.128962
12;x86-64;O1;20-flattened.sql;1;2.183982
12;x86-64;O1;20-flattened.sql;2;2.097837
12;x86-64;O1;20-flattened.sql;3;2.100764
12;x86-64;O1;20.sql;1;1.532619
12;x86-64;O1;20.sql;2;1.517609
12;x86-64;O1;20.sql;3;1.520194
12;x86-64;O1;21.sql;1;1.900965
12;x86-64;O1;21.sql;2;1.823156
12;x86-64;O1;21.sql;3;1.812582
12;x86-64;O1;22.sql;1;0.221045
12;x86-64;O1;22.sql;2;0.207403
12;x86-64;O1;22.sql;3;0.207513
12;x86-64;O1;2-flattened.sql;1;0.676145
12;x86-64;O1;2-flattened.sql;2;0.591778
12;x86-64;O1;2-flattened.sql;3;0.594625
12;x86-64;O1;2.sql;1;0.277691
12;x86-64;O1;2.sql;2;0.275079
12;x86-64;O1;2.sql;3;0.275077
12;x86-64;O1;3.sql;1;1.209063
12;x86-64;O1;3.sql;2;1.234446
12;x86-64;O1;3.sql;3;1.158343
12;x86-64;O1;4.sql;1;2.020367
12;x86-64;O1;4.sql;2;2.017010
12;x86-64;O1;4.sql;3;2.016047
12;x86-64;O1;5.sql;1;0.487256
12;x86-64;O1;5.sql;2;0.442935
12;x86-64;O1;5.sql;3;0.443324
12;x86-64;O1;6.sql;1;0.400487
12;x86-64;O1;6.sql;2;0.309605
12;x86-64;O1;6.sql;3;0.309260
12;x86-64;O1;7.sql;1;0.933340
12;x86-64;O1;7.sql;2;0.822229
12;x86-64;O1;7.sql;3;0.795108
12;x86-64;O1;8.sql;1;0.436779
12;x86-64;O1;8.sql;2;0.352579
12;x86-64;O1;8.sql;3;0.346754
12;x86-64;O1;9.sql;1;3.552295
12;x86-64;O1;9.sql;2;3.468958
12;x86-64;O1;9.sql;3;3.513643
12;x86-64;O2;10.sql;1;1.375618
12;x86-64;O2;10.sql;2;1.375971
12;x86-64;O2;10.sql;3;1.395475
12;x86-64;O2;11.sql;1;0.089462
12;x86-64;O2;11.sql;2;0.086960
12;x86-64;O2;11.sql;3;0.086745
12;x86-64;O2;12.sql;1;1.629826
12;x86-64;O2;12.sql;2;1.626290
12;x86-64;O2;12.sql;3;1.628660
12;x86-64;O2;13.sql;1;1.256665
12;x86-64;O2;13.sql;2;1.252841
12;x86-64;O2;13.sql;3;1.254154
12;x86-64;O2;14.sql;1;0.431683
12;x86-64;O2;14.sql;2;0.211672
12;x86-64;O2;14.sql;3;0.212693
12;x86-64;O2;15.sql;1;0.908165
12;x86-64;O2;15.sql;2;0.524369
12;x86-64;O2;15.sql;3;0.524587
12;x86-64;O2;16.sql;1;0.535994
12;x86-64;O2;16.sql;2;0.524498
12;x86-64;O2;16.sql;3;0.524259
12;x86-64;O2;17-flattened.sql;1;3.327242
12;x86-64;O2;17-flattened.sql;2;3.307860
12;x86-64;O2;17-flattened.sql;3;3.312663
12;x86-64;O2;17.sql;1;3.143919
12;x86-64;O2;17.sql;2;3.135558
12;x86-64;O2;17.sql;3;3.131919
12;x86-64;O2;18.sql;1;3.373618
12;x86-64;O2;18.sql;2;3.428851
12;x86-64;O2;18.sql;3;3.411384
12;x86-64;O2;19.sql;1;0.109690
12;x86-64;O2;19.sql;2;0.096676
12;x86-64;O2;19.sql;3;0.096860
12;x86-64;O2;1.sql;1;6.503320
12;x86-64;O2;1.sql;2;6.508947
12;x86-64;O2;1.sql;3;6.511649
12;x86-64;O2;20-flattened.sql;1;1.867131
12;x86-64;O2;20-flattened.sql;2;1.783173
12;x86-64;O2;20-flattened.sql;3;1.789938
12;x86-64;O2;20.sql;1;1.333970
12;x86-64;O2;20.sql;2;1.322727
12;x86-64;O2;20.sql;3;1.325799
12;x86-64;O2;21.sql;1;1.675130
12;x86-64;O2;21.sql;2;1.600193
12;x86-64;O2;21.sql;3;1.583660
12;x86-64;O2;22.sql;1;0.185718
12;x86-64;O2;22.sql;2;0.174381
12;x86-64;O2;22.sql;3;0.174428
12;x86-64;O2;2-flattened.sql;1;0.587666
12;x86-64;O2;2-flattened.sql;2;0.505008
12;x86-64;O2;2-flattened.sql;3;0.503057
12;x86-64;O2;2.sql;1;0.238361
12;x86-64;O2;2.sql;2;0.234650
12;x86-64;O2;2.sql;3;0.235000
12;x86-64;O2;3.sql;1;1.043410
12;x86-64;O2;3.sql;2;1.078586
12;x86-64;O2;3.sql;3;1.001604
12;x86-64;O2;4.sql;1;0.301517
12;x86-64;O2;4.sql;2;0.257624
12;x86-64;O2;4.sql;3;0.259068
12;x86-64;O2;5.sql;1;0.422292
12;x86-64;O2;5.sql;2;0.374658
12;x86-64;O2;5.sql;3;0.374301
12;x86-64;O2;6.sql;1;0.358354
12;x86-64;O2;6.sql;2;0.322223
12;x86-64;O2;6.sql;3;0.269317
12;x86-64;O2;7.sql;1;0.801131
12;x86-64;O2;7.sql;2;0.690629
12;x86-64;O2;7.sql;3;0.666039
12;x86-64;O2;8.sql;1;0.388645
12;x86-64;O2;8.sql;2;0.315060
12;x86-64;O2;8.sql;3;0.302070
12;x86-64;O2;9.sql;1;2.995412
12;x86-64;O2;9.sql;2;2.918952
12;x86-64;O2;9.sql;3;2.949377
12;x86-64;O3;10.sql;1;1.390855
12;x86-64;O3;10.sql;2;1.368245
12;x86-64;O3;10.sql;3;1.380620
12;x86-64;O3;11.sql;1;0.090481
12;x86-64;O3;11.sql;2;0.087928
12;x86-64;O3;11.sql;3;0.088027
12;x86-64;O3;12.sql;1;1.620553
12;x86-64;O3;12.sql;2;1.619786
12;x86-64;O3;12.sql;3;1.622299
12;x86-64;O3;13.sql;1;1.241347
12;x86-64;O3;13.sql;2;1.238976
12;x86-64;O3;13.sql;3;1.239143
12;x86-64;O3;14.sql;1;0.432773
12;x86-64;O3;14.sql;2;0.214511
12;x86-64;O3;14.sql;3;0.214258
12;x86-64;O3;15.sql;1;0.894498
12;x86-64;O3;15.sql;2;0.518139
12;x86-64;O3;15.sql;3;0.515193
12;x86-64;O3;16.sql;1;0.532155
12;x86-64;O3;16.sql;2;0.520262
12;x86-64;O3;16.sql;3;0.519929
12;x86-64;O3;17-flattened.sql;1;3.300981
12;x86-64;O3;17-flattened.sql;2;3.302701
12;x86-64;O3;17-flattened.sql;3;3.303177
12;x86-64;O3;17.sql;1;3.146593
12;x86-64;O3;17.sql;2;3.136812
12;x86-64;O3;17.sql;3;3.155600
12;x86-64;O3;18.sql;1;3.318879
12;x86-64;O3;18.sql;2;3.375958
12;x86-64;O3;18.sql;3;3.360801
12;x86-64;O3;19.sql;1;0.110370
12;x86-64;O3;19.sql;2;0.096816
12;x86-64;O3;19.sql;3;0.096761
12;x86-64;O3;1.sql;1;6.561346
12;x86-64;O3;1.sql;2;6.568074
12;x86-64;O3;1.sql;3;6.571015
12;x86-64;O3;20-flattened.sql;1;1.866089
12;x86-64;O3;20-flattened.sql;2;1.787717
12;x86-64;O3;20-flattened.sql;3;1.782870
12;x86-64;O3;20.sql;1;1.340891
12;x86-64;O3;20.sql;2;1.327430
12;x86-64;O3;20.sql;3;1.328491
12;x86-64;O3;21.sql;1;1.677592
12;x86-64;O3;21.sql;2;1.627893
12;x86-64;O3;21.sql;3;1.612249
12;x86-64;O3;22.sql;1;0.181998
12;x86-64;O3;22.sql;2;0.169958
12;x86-64;O3;22.sql;3;0.170094
12;x86-64;O3;2-flattened.sql;1;0.592599
12;x86-64;O3;2-flattened.sql;2;0.514436
12;x86-64;O3;2-flattened.sql;3;0.513270
12;x86-64;O3;2.sql;1;0.240329
12;x86-64;O3;2.sql;2;0.237517
12;x86-64;O3;2.sql;3;0.237245
12;x86-64;O3;3.sql;1;1.047633
12;x86-64;O3;3.sql;2;1.077257
12;x86-64;O3;3.sql;3;1.000049
12;x86-64;O3;4.sql;1;0.313007
12;x86-64;O3;4.sql;2;0.268701
12;x86-64;O3;4.sql;3;0.268772
12;x86-64;O3;5.sql;1;0.432565
12;x86-64;O3;5.sql;2;0.383139
12;x86-64;O3;5.sql;3;0.384153
12;x86-64;O3;6.sql;1;0.360886
12;x86-64;O3;6.sql;2;0.325137
12;x86-64;O3;6.sql;3;0.269506
12;x86-64;O3;7.sql;1;0.808351
12;x86-64;O3;7.sql;2;0.696244
12;x86-64;O3;7.sql;3;0.675960
12;x86-64;O3;8.sql;1;0.391023
12;x86-64;O3;8.sql;2;0.317511
12;x86-64;O3;8.sql;3;0.305352
12;x86-64;O3;9.sql;1;2.948824
12;x86-64;O3;9.sql;2;2.887572
12;x86-64;O3;9.sql;3;2.939833
12;x86-64;Os;10.sql;1;1.403896
12;x86-64;Os;10.sql;2;1.374742
12;x86-64;Os;10.sql;3;1.376384
12;x86-64;Os;11.sql;1;0.096321
12;x86-64;Os;11.sql;2;0.093778
12;x86-64;Os;11.sql;3;0.093508
12;x86-64;Os;12.sql;1;1.686991
12;x86-64;Os;12.sql;2;1.667799
12;x86-64;Os;12.sql;3;1.671990
12;x86-64;Os;13.sql;1;1.190932
12;x86-64;Os;13.sql;2;1.189154
12;x86-64;Os;13.sql;3;1.188864
12;x86-64;Os;14.sql;1;0.437411
12;x86-64;Os;14.sql;2;0.215603
12;x86-64;Os;14.sql;3;0.215909
12;x86-64;Os;15.sql;1;0.904993
12;x86-64;Os;15.sql;2;0.531064
12;x86-64;Os;15.sql;3;0.527095
12;x86-64;Os;16.sql;1;0.536466
12;x86-64;Os;16.sql;2;0.523928
12;x86-64;Os;16.sql;3;0.524485
12;x86-64;Os;17-flattened.sql;1;3.342328
12;x86-64;Os;17-flattened.sql;2;3.357703
12;x86-64;Os;17-flattened.sql;3;3.328698
12;x86-64;Os;17.sql;1;3.148566
12;x86-64;Os;17.sql;2;3.147059
12;x86-64;Os;17.sql;3;3.157500
12;x86-64;Os;18.sql;1;3.482709
12;x86-64;Os;18.sql;2;3.544809
12;x86-64;Os;18.sql;3;3.528403
12;x86-64;Os;19.sql;1;0.112585
12;x86-64;Os;19.sql;2;0.098975
12;x86-64;Os;19.sql;3;0.098723
12;x86-64;Os;1.sql;1;6.698422
12;x86-64;Os;1.sql;2;6.696923
12;x86-64;Os;1.sql;3;6.702845
12;x86-64;Os;20-flattened.sql;1;2.014062
12;x86-64;Os;20-flattened.sql;2;1.934296
12;x86-64;Os;20-flattened.sql;3;1.935578
12;x86-64;Os;20.sql;1;1.384972
12;x86-64;Os;20.sql;2;1.370717
12;x86-64;Os;20.sql;3;1.370652
12;x86-64;Os;21.sql;1;1.665146
12;x86-64;Os;21.sql;2;1.584811
12;x86-64;Os;21.sql;3;1.591421
12;x86-64;Os;22.sql;1;0.195058
12;x86-64;Os;22.sql;2;0.182704
12;x86-64;Os;22.sql;3;0.182776
12;x86-64;Os;2-flattened.sql;1;0.612601
12;x86-64;Os;2-flattened.sql;2;0.533363
12;x86-64;Os;2-flattened.sql;3;0.532654
12;x86-64;Os;2.sql;1;0.249821
12;x86-64;Os;2.sql;2;0.245997
12;x86-64;Os;2.sql;3;0.246325
12;x86-64;Os;3.sql;1;1.053697
12;x86-64;Os;3.sql;2;1.093930
12;x86-64;Os;3.sql;3;1.014771
12;x86-64;Os;4.sql;1;1.799087
12;x86-64;Os;4.sql;2;1.803457
12;x86-64;Os;4.sql;3;1.795025
12;x86-64;Os;5.sql;1;0.427997
12;x86-64;Os;5.sql;2;0.384721
12;x86-64;Os;5.sql;3;0.384258
12;x86-64;Os;6.sql;1;0.362037
12;x86-64;Os;6.sql;2;0.281362
12;x86-64;Os;6.sql;3;0.282018
12;x86-64;Os;7.sql;1;0.825457
12;x86-64;Os;7.sql;2;0.718817
12;x86-64;Os;7.sql;3;0.695838
12;x86-64;Os;8.sql;1;0.399911
12;x86-64;Os;8.sql;2;0.319264
12;x86-64;Os;8.sql;3;0.313836
12;x86-64;Os;9.sql;1;3.039425
12;x86-64;Os;9.sql;2;2.960909
12;x86-64;Os;9.sql;3;3.009430
12;x86-64;Oz;10.sql;1;1.418875
12;x86-64;Oz;10.sql;2;1.418955
12;x86-64;Oz;10.sql;3;1.418992
12;x86-64;Oz;11.sql;1;0.097107
12;x86-64;Oz;11.sql;2;0.094374
12;x86-64;Oz;11.sql;3;0.094465
12;x86-64;Oz;12.sql;1;1.727769
12;x86-64;Oz;12.sql;2;1.725260
12;x86-64;Oz;12.sql;3;1.726535
12;x86-64;Oz;13.sql;1;1.284176
12;x86-64;Oz;13.sql;2;1.285790
12;x86-64;Oz;13.sql;3;1.281871
12;x86-64;Oz;14.sql;1;0.441121
12;x86-64;Oz;14.sql;2;0.219417
12;x86-64;Oz;14.sql;3;0.220578
12;x86-64;Oz;15.sql;1;0.918147
12;x86-64;Oz;15.sql;2;0.547294
12;x86-64;Oz;15.sql;3;0.545502
12;x86-64;Oz;16.sql;1;0.566259
12;x86-64;Oz;16.sql;2;0.554471
12;x86-64;Oz;16.sql;3;0.554346
12;x86-64;Oz;17-flattened.sql;1;3.458268
12;x86-64;Oz;17-flattened.sql;2;3.454441
12;x86-64;Oz;17-flattened.sql;3;3.442802
12;x86-64;Oz;17.sql;1;3.240379
12;x86-64;Oz;17.sql;2;3.252035
12;x86-64;Oz;17.sql;3;3.238430
12;x86-64;Oz;18.sql;1;3.629550
12;x86-64;Oz;18.sql;2;3.677718
12;x86-64;Oz;18.sql;3;3.703210
12;x86-64;Oz;19.sql;1;0.116911
12;x86-64;Oz;19.sql;2;0.103971
12;x86-64;Oz;19.sql;3;0.104199
12;x86-64;Oz;1.sql;1;7.174923
12;x86-64;Oz;1.sql;2;7.170798
12;x86-64;Oz;1.sql;3;7.171504
12;x86-64;Oz;20-flattened.sql;1;2.009882
12;x86-64;Oz;20-flattened.sql;2;1.938470
12;x86-64;Oz;20-flattened.sql;3;1.937626
12;x86-64;Oz;20.sql;1;1.434715
12;x86-64;Oz;20.sql;2;1.422790
12;x86-64;Oz;20.sql;3;1.422844
12;x86-64;Oz;21.sql;1;1.736675
12;x86-64;Oz;21.sql;2;1.662719
12;x86-64;Oz;21.sql;3;1.654863
12;x86-64;Oz;22.sql;1;0.204443
12;x86-64;Oz;22.sql;2;0.192883
12;x86-64;Oz;22.sql;3;0.192982
12;x86-64;Oz;2-flattened.sql;1;0.605632
12;x86-64;Oz;2-flattened.sql;2;0.525609
12;x86-64;Oz;2-flattened.sql;3;0.524557
12;x86-64;Oz;2.sql;1;0.247146
12;x86-64;Oz;2.sql;2;0.243916
12;x86-64;Oz;2.sql;3;0.251200
12;x86-64;Oz;3.sql;1;1.082599
12;x86-64;Oz;3.sql;2;1.107187
12;x86-64;Oz;3.sql;3;1.031087
12;x86-64;Oz;4.sql;1;0.308946
12;x86-64;Oz;4.sql;2;0.267019
12;x86-64;Oz;4.sql;3;0.266818
12;x86-64;Oz;5.sql;1;0.446396
12;x86-64;Oz;5.sql;2;0.400172
12;x86-64;Oz;5.sql;3;0.400225
12;x86-64;Oz;6.sql;1;0.376062
12;x86-64;Oz;6.sql;2;0.342000
12;x86-64;Oz;6.sql;3;0.285443
12;x86-64;Oz;7.sql;1;0.835528
12;x86-64;Oz;7.sql;2;0.722534
12;x86-64;Oz;7.sql;3;0.700418
12;x86-64;Oz;8.sql;1;0.399121
12;x86-64;Oz;8.sql;2;0.322225
12;x86-64;Oz;8.sql;3;0.313456
12;x86-64;Oz;9.sql;1;3.136027
12;x86-64;Oz;9.sql;2;3.074872
12;x86-64;Oz;9.sql;3;3.096983
12;x86-64;Og;10.sql;1;1.646227
12;x86-64;Og;10.sql;2;1.646118
12;x86-64;Og;10.sql;3;1.650509
12;x86-64;Og;11.sql;1;0.112199
12;x86-64;Og;11.sql;2;0.108393
12;x86-64;Og;11.sql;3;0.108398
12;x86-64;Og;12.sql;1;1.830795
12;x86-64;Og;12.sql;2;1.829302
12;x86-64;Og;12.sql;3;1.831598
12;x86-64;Og;13.sql;1;1.469048
12;x86-64;Og;13.sql;2;1.466571
12;x86-64;Og;13.sql;3;1.469017
12;x86-64;Og;14.sql;1;0.466982
12;x86-64;Og;14.sql;2;0.242916
12;x86-64;Og;14.sql;3;0.242506
12;x86-64;Og;15.sql;1;1.012042
12;x86-64;Og;15.sql;2;0.613735
12;x86-64;Og;15.sql;3;0.613781
12;x86-64;Og;16.sql;1;0.608068
12;x86-64;Og;16.sql;2;0.599458
12;x86-64;Og;16.sql;3;0.598149
12;x86-64;Og;17-flattened.sql;1;3.691923
12;x86-64;Og;17-flattened.sql;2;3.682054
12;x86-64;Og;17-flattened.sql;3;3.667902
12;x86-64;Og;17.sql;1;3.468025
12;x86-64;Og;17.sql;2;3.484913
12;x86-64;Og;17.sql;3;3.472147
12;x86-64;Og;18.sql;1;4.009777
12;x86-64;Og;18.sql;2;4.084435
12;x86-64;Og;18.sql;3;4.066690
12;x86-64;Og;19.sql;1;0.120318
12;x86-64;Og;19.sql;2;0.106875
12;x86-64;Og;19.sql;3;0.106733
12;x86-64;Og;1.sql;1;7.994605
12;x86-64;Og;1.sql;2;8.000646
12;x86-64;Og;1.sql;3;8.003422
12;x86-64;Og;20-flattened.sql;1;2.127333
12;x86-64;Og;20-flattened.sql;2;2.036412
12;x86-64;Og;20-flattened.sql;3;2.040003
12;x86-64;Og;20.sql;1;1.539219
12;x86-64;Og;20.sql;2;1.535751
12;x86-64;Og;20.sql;3;1.525544
12;x86-64;Og;21.sql;1;1.890138
12;x86-64;Og;21.sql;2;1.804554
12;x86-64;Og;21.sql;3;1.810513
12;x86-64;Og;22.sql;1;0.220328
12;x86-64;Og;22.sql;2;0.206341
12;x86-64;Og;22.sql;3;0.206700
12;x86-64;Og;2-flattened.sql;1;0.708584
12;x86-64;Og;2-flattened.sql;2;0.623505
12;x86-64;Og;2-flattened.sql;3;0.622134
12;x86-64;Og;2.sql;1;0.288537
12;x86-64;Og;2.sql;2;0.285330
12;x86-64;Og;2.sql;3;0.285316
12;x86-64;Og;3.sql;1;1.214595
12;x86-64;Og;3.sql;2;1.240281
12;x86-64;Og;3.sql;3;1.160093
12;x86-64;Og;4.sql;1;0.349552
12;x86-64;Og;4.sql;2;0.302911
12;x86-64;Og;4.sql;3;0.303911
12;x86-64;Og;5.sql;1;0.492546
12;x86-64;Og;5.sql;2;0.443644
12;x86-64;Og;5.sql;3;0.442171
12;x86-64;Og;6.sql;1;0.412231
12;x86-64;Og;6.sql;2;0.372558
12;x86-64;Og;6.sql;3;0.314642
12;x86-64;Og;7.sql;1;0.929110
12;x86-64;Og;7.sql;2;0.810847
12;x86-64;Og;7.sql;3;0.789615
12;x86-64;Og;8.sql;1;0.435642
12;x86-64;Og;8.sql;2;0.355002
12;x86-64;Og;8.sql;3;0.344557
12;x86-64;Og;9.sql;1;3.499667
12;x86-64;Og;9.sql;2;3.429432
12;x86-64;Og;9.sql;3;3.465721
12;x86-64;Ofast;10.sql;1;
12;x86-64;Ofast;10.sql;2;
12;x86-64;Ofast;10.sql;3;
12;x86-64;Ofast;11.sql;1;
12;x86-64;Ofast;11.sql;2;
12;x86-64;Ofast;11.sql;3;
12;x86-64;Ofast;12.sql;1;
12;x86-64;Ofast;12.sql;2;
12;x86-64;Ofast;12.sql;3;
12;x86-64;Ofast;13.sql;1;
12;x86-64;Ofast;13.sql;2;
12;x86-64;Ofast;13.sql;3;
12;x86-64;Ofast;14.sql;1;
12;x86-64;Ofast;14.sql;2;
12;x86-64;Ofast;14.sql;3;
12;x86-64;Ofast;15.sql;1;
12;x86-64;Ofast;15.sql;2;
12;x86-64;Ofast;15.sql;3;
12;x86-64;Ofast;16.sql;1;
12;x86-64;Ofast;16.sql;2;
12;x86-64;Ofast;16.sql;3;
12;x86-64;Ofast;17-flattened.sql;1;
12;x86-64;Ofast;17-flattened.sql;2;
12;x86-64;Ofast;17-flattened.sql;3;
12;x86-64;Ofast;17.sql;1;
12;x86-64;Ofast;17.sql;2;
12;x86-64;Ofast;17.sql;3;
12;x86-64;Ofast;18.sql;1;
12;x86-64;Ofast;18.sql;2;
12;x86-64;Ofast;18.sql;3;
12;x86-64;Ofast;19.sql;1;
12;x86-64;Ofast;19.sql;2;
12;x86-64;Ofast;19.sql;3;
12;x86-64;Ofast;1.sql;1;
12;x86-64;Ofast;1.sql;2;
12;x86-64;Ofast;1.sql;3;
12;x86-64;Ofast;20-flattened.sql;1;
12;x86-64;Ofast;20-flattened.sql;2;
12;x86-64;Ofast;20-flattened.sql;3;
12;x86-64;Ofast;20.sql;1;
12;x86-64;Ofast;20.sql;2;
12;x86-64;Ofast;20.sql;3;
12;x86-64;Ofast;21.sql;1;
12;x86-64;Ofast;21.sql;2;
12;x86-64;Ofast;21.sql;3;
12;x86-64;Ofast;22.sql;1;
12;x86-64;Ofast;22.sql;2;
12;x86-64;Ofast;22.sql;3;
12;x86-64;Ofast;2-flattened.sql;1;
12;x86-64;Ofast;2-flattened.sql;2;
12;x86-64;Ofast;2-flattened.sql;3;
12;x86-64;Ofast;2.sql;1;
12;x86-64;Ofast;2.sql;2;
12;x86-64;Ofast;2.sql;3;
12;x86-64;Ofast;3.sql;1;
12;x86-64;Ofast;3.sql;2;
12;x86-64;Ofast;3.sql;3;
12;x86-64;Ofast;4.sql;1;
12;x86-64;Ofast;4.sql;2;
12;x86-64;Ofast;4.sql;3;
12;x86-64;Ofast;5.sql;1;
12;x86-64;Ofast;5.sql;2;
12;x86-64;Ofast;5.sql;3;
12;x86-64;Ofast;6.sql;1;
12;x86-64;Ofast;6.sql;2;
12;x86-64;Ofast;6.sql;3;
12;x86-64;Ofast;7.sql;1;
12;x86-64;Ofast;7.sql;2;
12;x86-64;Ofast;7.sql;3;
12;x86-64;Ofast;8.sql;1;
12;x86-64;Ofast;8.sql;2;
12;x86-64;Ofast;8.sql;3;
12;x86-64;Ofast;9.sql;1;
12;x86-64;Ofast;9.sql;2;
12;x86-64;Ofast;9.sql;3;
11;x86-64;O0;10.sql;1;2.572153
11;x86-64;O0;10.sql;2;2.588357
11;x86-64;O0;10.sql;3;2.579626
11;x86-64;O0;11.sql;1;0.204081
11;x86-64;O0;11.sql;2;0.202159
11;x86-64;O0;11.sql;3;0.201230
11;x86-64;O0;12.sql;1;3.074508
11;x86-64;O0;12.sql;2;3.078090
11;x86-64;O0;12.sql;3;3.077677
11;x86-64;O0;13.sql;1;2.684148
11;x86-64;O0;13.sql;2;2.681090
11;x86-64;O0;13.sql;3;2.677563
11;x86-64;O0;14.sql;1;0.656703
11;x86-64;O0;14.sql;2;0.401433
11;x86-64;O0;14.sql;3;0.394277
11;x86-64;O0;15.sql;1;1.565394
11;x86-64;O0;15.sql;2;1.118325
11;x86-64;O0;15.sql;3;1.124182
11;x86-64;O0;16.sql;1;1.125835
11;x86-64;O0;16.sql;2;1.111896
11;x86-64;O0;16.sql;3;1.112149
11;x86-64;O0;17-flattened.sql;1;6.158389
11;x86-64;O0;17-flattened.sql;2;6.169163
11;x86-64;O0;17-flattened.sql;3;6.147815
11;x86-64;O0;17.sql;1;5.728929
11;x86-64;O0;17.sql;2;5.714828
11;x86-64;O0;17.sql;3;5.712296
11;x86-64;O0;18.sql;1;7.553934
11;x86-64;O0;18.sql;2;7.763839
11;x86-64;O0;18.sql;3;7.737737
11;x86-64;O0;19.sql;1;0.194301
11;x86-64;O0;19.sql;2;0.179654
11;x86-64;O0;19.sql;3;0.179847
11;x86-64;O0;1.sql;1;17.047603
11;x86-64;O0;1.sql;2;17.005794
11;x86-64;O0;1.sql;3;17.012023
11;x86-64;O0;20-flattened.sql;1;4.053564
11;x86-64;O0;20-flattened.sql;2;3.947034
11;x86-64;O0;20-flattened.sql;3;3.935966
11;x86-64;O0;20.sql;1;2.864007
11;x86-64;O0;20.sql;2;2.852287
11;x86-64;O0;20.sql;3;2.852713
11;x86-64;O0;21.sql;1;3.269988
11;x86-64;O0;21.sql;2;3.169889
11;x86-64;O0;21.sql;3;3.157458
11;x86-64;O0;22.sql;1;0.461474
11;x86-64;O0;22.sql;2;0.444119
11;x86-64;O0;22.sql;3;0.444077
11;x86-64;O0;2-flattened.sql;1;1.228167
11;x86-64;O0;2-flattened.sql;2;1.122742
11;x86-64;O0;2-flattened.sql;3;1.121930
11;x86-64;O0;2.sql;1;0.523448
11;x86-64;O0;2.sql;2;0.519098
11;x86-64;O0;2.sql;3;0.519518
11;x86-64;O0;3.sql;1;1.954332
11;x86-64;O0;3.sql;2;1.986129
11;x86-64;O0;3.sql;3;1.886836
11;x86-64;O0;4.sql;1;3.299693
11;x86-64;O0;4.sql;2;3.322591
11;x86-64;O0;4.sql;3;3.307922
11;x86-64;O0;5.sql;1;0.786888
11;x86-64;O0;5.sql;2;0.731145
11;x86-64;O0;5.sql;3;0.729553
11;x86-64;O0;6.sql;1;0.669594
11;x86-64;O0;6.sql;2;0.570628
11;x86-64;O0;6.sql;3;0.571334
11;x86-64;O0;7.sql;1;1.434288
11;x86-64;O0;7.sql;2;1.302128
11;x86-64;O0;7.sql;3;1.273664
11;x86-64;O0;8.sql;1;0.624296
11;x86-64;O0;8.sql;2;0.521790
11;x86-64;O0;8.sql;3;0.520099
11;x86-64;O0;9.sql;1;6.463050
11;x86-64;O0;9.sql;2;6.372919
11;x86-64;O0;9.sql;3;6.411735
11;x86-64;O1;10.sql;1;1.640814
11;x86-64;O1;10.sql;2;1.632741
11;x86-64;O1;10.sql;3;1.657170
11;x86-64;O1;11.sql;1;0.106176
11;x86-64;O1;11.sql;2;0.111437
11;x86-64;O1;11.sql;3;0.103135
11;x86-64;O1;12.sql;1;1.903714
11;x86-64;O1;12.sql;2;1.913777
11;x86-64;O1;12.sql;3;1.910262
11;x86-64;O1;13.sql;1;1.451956
11;x86-64;O1;13.sql;2;1.448483
11;x86-64;O1;13.sql;3;1.448936
11;x86-64;O1;14.sql;1;0.471388
11;x86-64;O1;14.sql;2;0.234476
11;x86-64;O1;14.sql;3;0.234170
11;x86-64;O1;15.sql;1;1.002979
11;x86-64;O1;15.sql;2;0.593347
11;x86-64;O1;15.sql;3;0.589953
11;x86-64;O1;16.sql;1;0.606188
11;x86-64;O1;16.sql;2;0.594198
11;x86-64;O1;16.sql;3;0.591718
11;x86-64;O1;17-flattened.sql;1;3.747789
11;x86-64;O1;17-flattened.sql;2;3.738356
11;x86-64;O1;17-flattened.sql;3;3.746088
11;x86-64;O1;17.sql;1;3.518111
11;x86-64;O1;17.sql;2;3.518241
11;x86-64;O1;17.sql;3;3.517887
11;x86-64;O1;18.sql;1;3.977497
11;x86-64;O1;18.sql;2;4.037044
11;x86-64;O1;18.sql;3;4.021213
11;x86-64;O1;19.sql;1;0.120147
11;x86-64;O1;19.sql;2;0.107233
11;x86-64;O1;19.sql;3;0.107114
11;x86-64;O1;1.sql;1;7.869641
11;x86-64;O1;1.sql;2;7.898047
11;x86-64;O1;1.sql;3;7.894189
11;x86-64;O1;20-flattened.sql;1;2.089877
11;x86-64;O1;20-flattened.sql;2;2.014728
11;x86-64;O1;20-flattened.sql;3;2.007103
11;x86-64;O1;20.sql;1;1.513049
11;x86-64;O1;20.sql;2;1.503732
11;x86-64;O1;20.sql;3;1.505444
11;x86-64;O1;21.sql;1;1.924765
11;x86-64;O1;21.sql;2;1.857352
11;x86-64;O1;21.sql;3;1.862300
11;x86-64;O1;22.sql;1;0.218762
11;x86-64;O1;22.sql;2;0.205947
11;x86-64;O1;22.sql;3;0.206177
11;x86-64;O1;2-flattened.sql;1;0.682226
11;x86-64;O1;2-flattened.sql;2;0.598900
11;x86-64;O1;2-flattened.sql;3;0.599119
11;x86-64;O1;2.sql;1;0.278811
11;x86-64;O1;2.sql;2;0.274601
11;x86-64;O1;2.sql;3;0.274428
11;x86-64;O1;3.sql;1;1.216548
11;x86-64;O1;3.sql;2;1.243204
11;x86-64;O1;3.sql;3;1.165287
11;x86-64;O1;4.sql;1;0.346535
11;x86-64;O1;4.sql;2;0.301234
11;x86-64;O1;4.sql;3;0.301488
11;x86-64;O1;5.sql;1;0.484283
11;x86-64;O1;5.sql;2;0.433958
11;x86-64;O1;5.sql;3;0.434015
11;x86-64;O1;6.sql;1;0.413086
11;x86-64;O1;6.sql;2;0.373871
11;x86-64;O1;6.sql;3;0.311492
11;x86-64;O1;7.sql;1;0.918496
11;x86-64;O1;7.sql;2;0.805155
11;x86-64;O1;7.sql;3;0.780944
11;x86-64;O1;8.sql;1;0.424411
11;x86-64;O1;8.sql;2;0.344635
11;x86-64;O1;8.sql;3;0.335391
11;x86-64;O1;9.sql;1;3.478450
11;x86-64;O1;9.sql;2;3.425504
11;x86-64;O1;9.sql;3;3.446048
11;x86-64;O2;10.sql;1;1.455286
11;x86-64;O2;10.sql;2;1.440646
11;x86-64;O2;10.sql;3;1.441292
11;x86-64;O2;11.sql;1;0.090295
11;x86-64;O2;11.sql;2;0.087542
11;x86-64;O2;11.sql;3;0.087596
11;x86-64;O2;12.sql;1;1.973729
11;x86-64;O2;12.sql;2;1.972095
11;x86-64;O2;12.sql;3;1.972792
11;x86-64;O2;13.sql;1;1.266642
11;x86-64;O2;13.sql;2;1.263129
11;x86-64;O2;13.sql;3;1.263527
11;x86-64;O2;14.sql;1;0.435501
11;x86-64;O2;14.sql;2;0.209574
11;x86-64;O2;14.sql;3;0.209225
11;x86-64;O2;15.sql;1;0.934904
11;x86-64;O2;15.sql;2;0.532775
11;x86-64;O2;15.sql;3;0.536437
11;x86-64;O2;16.sql;1;0.536572
11;x86-64;O2;16.sql;2;0.525421
11;x86-64;O2;16.sql;3;0.525253
11;x86-64;O2;17-flattened.sql;1;3.640200
11;x86-64;O2;17-flattened.sql;2;3.643222
11;x86-64;O2;17-flattened.sql;3;3.641145
11;x86-64;O2;17.sql;1;3.197836
11;x86-64;O2;17.sql;2;3.215406
11;x86-64;O2;17.sql;3;3.199177
11;x86-64;O2;18.sql;1;3.403853
11;x86-64;O2;18.sql;2;3.485971
11;x86-64;O2;18.sql;3;3.449623
11;x86-64;O2;19.sql;1;0.115284
11;x86-64;O2;19.sql;2;0.102176
11;x86-64;O2;19.sql;3;0.102495
11;x86-64;O2;1.sql;1;6.889356
11;x86-64;O2;1.sql;2;6.907278
11;x86-64;O2;1.sql;3;6.887142
11;x86-64;O2;20-flattened.sql;1;1.937224
11;x86-64;O2;20-flattened.sql;2;1.853138
11;x86-64;O2;20-flattened.sql;3;1.856809
11;x86-64;O2;20.sql;1;1.360927
11;x86-64;O2;20.sql;2;1.348251
11;x86-64;O2;20.sql;3;1.350064
11;x86-64;O2;21.sql;1;1.712648
11;x86-64;O2;21.sql;2;1.633560
11;x86-64;O2;21.sql;3;1.623627
11;x86-64;O2;22.sql;1;0.183921
11;x86-64;O2;22.sql;2;0.171758
11;x86-64;O2;22.sql;3;0.171570
11;x86-64;O2;2-flattened.sql;1;0.590565
11;x86-64;O2;2-flattened.sql;2;0.509870
11;x86-64;O2;2-flattened.sql;3;0.509370
11;x86-64;O2;2.sql;1;0.237291
11;x86-64;O2;2.sql;2;0.233604
11;x86-64;O2;2.sql;3;0.234121
11;x86-64;O2;3.sql;1;1.070101
11;x86-64;O2;3.sql;2;1.101591
11;x86-64;O2;3.sql;3;1.020282
11;x86-64;O2;4.sql;1;0.328279
11;x86-64;O2;4.sql;2;0.278350
11;x86-64;O2;4.sql;3;0.278572
11;x86-64;O2;5.sql;1;0.429888
11;x86-64;O2;5.sql;2;0.384360
11;x86-64;O2;5.sql;3;0.381089
11;x86-64;O2;6.sql;1;0.362623
11;x86-64;O2;6.sql;2;0.325846
11;x86-64;O2;6.sql;3;0.269600
11;x86-64;O2;7.sql;1;0.810915
11;x86-64;O2;7.sql;2;0.695622
11;x86-64;O2;7.sql;3;0.671088
11;x86-64;O2;8.sql;1;0.388984
11;x86-64;O2;8.sql;2;0.309190
11;x86-64;O2;8.sql;3;0.299672
11;x86-64;O2;9.sql;1;3.050679
11;x86-64;O2;9.sql;2;2.978526
11;x86-64;O2;9.sql;3;3.012868
11;x86-64;O3;10.sql;1;1.439613
11;x86-64;O3;10.sql;2;1.438274
11;x86-64;O3;10.sql;3;1.409417
11;x86-64;O3;11.sql;1;0.091106
11;x86-64;O3;11.sql;2;0.087715
11;x86-64;O3;11.sql;3;0.088590
11;x86-64;O3;12.sql;1;1.666906
11;x86-64;O3;12.sql;2;1.667788
11;x86-64;O3;12.sql;3;1.667642
11;x86-64;O3;13.sql;1;1.259778
11;x86-64;O3;13.sql;2;1.257025
11;x86-64;O3;13.sql;3;1.256850
11;x86-64;O3;14.sql;1;0.435387
11;x86-64;O3;14.sql;2;0.210763
11;x86-64;O3;14.sql;3;0.211152
11;x86-64;O3;15.sql;1;0.894871
11;x86-64;O3;15.sql;2;0.509842
11;x86-64;O3;15.sql;3;0.504644
11;x86-64;O3;16.sql;1;0.544608
11;x86-64;O3;16.sql;2;0.532229
11;x86-64;O3;16.sql;3;0.532347
11;x86-64;O3;17-flattened.sql;1;3.329768
11;x86-64;O3;17-flattened.sql;2;3.329767
11;x86-64;O3;17-flattened.sql;3;3.348626
11;x86-64;O3;17.sql;1;3.144649
11;x86-64;O3;17.sql;2;3.161309
11;x86-64;O3;17.sql;3;3.145281
11;x86-64;O3;18.sql;1;3.444775
11;x86-64;O3;18.sql;2;3.500961
11;x86-64;O3;18.sql;3;3.489450
11;x86-64;O3;19.sql;1;0.111090
11;x86-64;O3;19.sql;2;0.097717
11;x86-64;O3;19.sql;3;0.097734
11;x86-64;O3;1.sql;1;6.916820
11;x86-64;O3;1.sql;2;6.936253
11;x86-64;O3;1.sql;3;6.911051
11;x86-64;O3;20-flattened.sql;1;1.867423
11;x86-64;O3;20-flattened.sql;2;1.781526
11;x86-64;O3;20-flattened.sql;3;1.784603
11;x86-64;O3;20.sql;1;1.347275
11;x86-64;O3;20.sql;2;1.337869
11;x86-64;O3;20.sql;3;1.335873
11;x86-64;O3;21.sql;1;1.718580
11;x86-64;O3;21.sql;2;1.658733
11;x86-64;O3;21.sql;3;1.658475
11;x86-64;O3;22.sql;1;0.181312
11;x86-64;O3;22.sql;2;0.168862
11;x86-64;O3;22.sql;3;0.169133
11;x86-64;O3;2-flattened.sql;1;0.589244
11;x86-64;O3;2-flattened.sql;2;0.507817
11;x86-64;O3;2-flattened.sql;3;0.507222
11;x86-64;O3;2.sql;1;0.235599
11;x86-64;O3;2.sql;2;0.232575
11;x86-64;O3;2.sql;3;0.232702
11;x86-64;O3;3.sql;1;1.086847
11;x86-64;O3;3.sql;2;1.117575
11;x86-64;O3;3.sql;3;1.041842
11;x86-64;O3;4.sql;1;1.840761
11;x86-64;O3;4.sql;2;1.824985
11;x86-64;O3;4.sql;3;1.830707
11;x86-64;O3;5.sql;1;0.416878
11;x86-64;O3;5.sql;2;0.376918
11;x86-64;O3;5.sql;3;0.375190
11;x86-64;O3;6.sql;1;0.337588
11;x86-64;O3;6.sql;2;0.259196
11;x86-64;O3;6.sql;3;0.259680
11;x86-64;O3;7.sql;1;0.803797
11;x86-64;O3;7.sql;2;0.699597
11;x86-64;O3;7.sql;3;0.675237
11;x86-64;O3;8.sql;1;0.384753
11;x86-64;O3;8.sql;2;0.305393
11;x86-64;O3;8.sql;3;0.299821
11;x86-64;O3;9.sql;1;2.965381
11;x86-64;O3;9.sql;2;2.900613
11;x86-64;O3;9.sql;3;2.938222
11;x86-64;Os;10.sql;1;1.440142
11;x86-64;Os;10.sql;2;1.442214
11;x86-64;Os;10.sql;3;1.431125
11;x86-64;Os;11.sql;1;0.096354
11;x86-64;Os;11.sql;2;0.093731
11;x86-64;Os;11.sql;3;0.093845
11;x86-64;Os;12.sql;1;1.730644
11;x86-64;Os;12.sql;2;1.700970
11;x86-64;Os;12.sql;3;1.701983
11;x86-64;Os;13.sql;1;1.209281
11;x86-64;Os;13.sql;2;1.214069
11;x86-64;Os;13.sql;3;1.207690
11;x86-64;Os;14.sql;1;0.430669
11;x86-64;Os;14.sql;2;0.216095
11;x86-64;Os;14.sql;3;0.216165
11;x86-64;Os;15.sql;1;0.908591
11;x86-64;Os;15.sql;2;0.532436
11;x86-64;Os;15.sql;3;0.537116
11;x86-64;Os;16.sql;1;0.541730
11;x86-64;Os;16.sql;2;0.529755
11;x86-64;Os;16.sql;3;0.529217
11;x86-64;Os;17-flattened.sql;1;3.381143
11;x86-64;Os;17-flattened.sql;2;3.374189
11;x86-64;Os;17-flattened.sql;3;3.379145
11;x86-64;Os;17.sql;1;3.203610
11;x86-64;Os;17.sql;2;3.203111
11;x86-64;Os;17.sql;3;3.203406
11;x86-64;Os;18.sql;1;3.462690
11;x86-64;Os;18.sql;2;3.498918
11;x86-64;Os;18.sql;3;3.486528
11;x86-64;Os;19.sql;1;0.112487
11;x86-64;Os;19.sql;2;0.098387
11;x86-64;Os;19.sql;3;0.098303
11;x86-64;Os;1.sql;1;6.695108
11;x86-64;Os;1.sql;2;6.687121
11;x86-64;Os;1.sql;3;6.693978
11;x86-64;Os;20-flattened.sql;1;1.921611
11;x86-64;Os;20-flattened.sql;2;1.843038
11;x86-64;Os;20-flattened.sql;3;1.841216
11;x86-64;Os;20.sql;1;1.416679
11;x86-64;Os;20.sql;2;1.410003
11;x86-64;Os;20.sql;3;1.405179
11;x86-64;Os;21.sql;1;1.729749
11;x86-64;Os;21.sql;2;1.677597
11;x86-64;Os;21.sql;3;1.651973
11;x86-64;Os;22.sql;1;0.190154
11;x86-64;Os;22.sql;2;0.177789
11;x86-64;Os;22.sql;3;0.178102
11;x86-64;Os;2-flattened.sql;1;0.619946
11;x86-64;Os;2-flattened.sql;2;0.537944
11;x86-64;Os;2-flattened.sql;3;0.538761
11;x86-64;Os;2.sql;1;0.255460
11;x86-64;Os;2.sql;2;0.252247
11;x86-64;Os;2.sql;3;0.252215
11;x86-64;Os;3.sql;1;1.087148
11;x86-64;Os;3.sql;2;1.120156
11;x86-64;Os;3.sql;3;1.046378
11;x86-64;Os;4.sql;1;0.312910
11;x86-64;Os;4.sql;2;0.270612
11;x86-64;Os;4.sql;3;0.269486
11;x86-64;Os;5.sql;1;0.443479
11;x86-64;Os;5.sql;2;0.395291
11;x86-64;Os;5.sql;3;0.395628
11;x86-64;Os;6.sql;1;0.376797
11;x86-64;Os;6.sql;2;0.342187
11;x86-64;Os;6.sql;3;0.287818
11;x86-64;Os;7.sql;1;0.848286
11;x86-64;Os;7.sql;2;0.729848
11;x86-64;Os;7.sql;3;0.711487
11;x86-64;Os;8.sql;1;0.401153
11;x86-64;Os;8.sql;2;0.323268
11;x86-64;Os;8.sql;3;0.312728
11;x86-64;Os;9.sql;1;3.061819
11;x86-64;Os;9.sql;2;3.003224
11;x86-64;Os;9.sql;3;3.038782
11;x86-64;Oz;10.sql;1;1.552033
11;x86-64;Oz;10.sql;2;1.552971
11;x86-64;Oz;10.sql;3;1.567271
11;x86-64;Oz;11.sql;1;0.101167
11;x86-64;Oz;11.sql;2;0.098418
11;x86-64;Oz;11.sql;3;0.098192
11;x86-64;Oz;12.sql;1;1.809409
11;x86-64;Oz;12.sql;2;1.808831
11;x86-64;Oz;12.sql;3;1.808071
11;x86-64;Oz;13.sql;1;1.282684
11;x86-64;Oz;13.sql;2;1.280858
11;x86-64;Oz;13.sql;3;1.278662
11;x86-64;Oz;14.sql;1;0.439365
11;x86-64;Oz;14.sql;2;0.216163
11;x86-64;Oz;14.sql;3;0.216892
11;x86-64;Oz;15.sql;1;0.927088
11;x86-64;Oz;15.sql;2;0.545941
11;x86-64;Oz;15.sql;3;0.550806
11;x86-64;Oz;16.sql;1;0.574545
11;x86-64;Oz;16.sql;2;0.562880
11;x86-64;Oz;16.sql;3;0.562867
11;x86-64;Oz;17-flattened.sql;1;3.532972
11;x86-64;Oz;17-flattened.sql;2;3.514082
11;x86-64;Oz;17-flattened.sql;3;3.523027
11;x86-64;Oz;17.sql;1;3.332415
11;x86-64;Oz;17.sql;2;3.320238
11;x86-64;Oz;17.sql;3;3.319866
11;x86-64;Oz;18.sql;1;3.622143
11;x86-64;Oz;18.sql;2;3.684108
11;x86-64;Oz;18.sql;3;3.653579
11;x86-64;Oz;19.sql;1;0.117563
11;x86-64;Oz;19.sql;2;0.104767
11;x86-64;Oz;19.sql;3;0.105222
11;x86-64;Oz;1.sql;1;7.396926
11;x86-64;Oz;1.sql;2;7.418191
11;x86-64;Oz;1.sql;3;7.414181
11;x86-64;Oz;20-flattened.sql;1;2.002744
11;x86-64;Oz;20-flattened.sql;2;1.913790
11;x86-64;Oz;20-flattened.sql;3;1.915255
11;x86-64;Oz;20.sql;1;1.445037
11;x86-64;Oz;20.sql;2;1.433444
11;x86-64;Oz;20.sql;3;1.438123
11;x86-64;Oz;21.sql;1;1.762252
11;x86-64;Oz;21.sql;2;1.699620
11;x86-64;Oz;21.sql;3;1.686128
11;x86-64;Oz;22.sql;1;0.204493
11;x86-64;Oz;22.sql;2;0.194351
11;x86-64;Oz;22.sql;3;0.194388
11;x86-64;Oz;2-flattened.sql;1;0.638450
11;x86-64;Oz;2-flattened.sql;2;0.556969
11;x86-64;Oz;2-flattened.sql;3;0.556574
11;x86-64;Oz;2.sql;1;0.260819
11;x86-64;Oz;2.sql;2;0.258129
11;x86-64;Oz;2.sql;3;0.258174
11;x86-64;Oz;3.sql;1;1.093390
11;x86-64;Oz;3.sql;2;1.121605
11;x86-64;Oz;3.sql;3;1.050341
11;x86-64;Oz;4.sql;1;0.317928
11;x86-64;Oz;4.sql;2;0.273605
11;x86-64;Oz;4.sql;3;0.272854
11;x86-64;Oz;5.sql;1;0.445747
11;x86-64;Oz;5.sql;2;0.397691
11;x86-64;Oz;5.sql;3;0.397081
11;x86-64;Oz;6.sql;1;0.377214
11;x86-64;Oz;6.sql;2;0.341854
11;x86-64;Oz;6.sql;3;0.286022
11;x86-64;Oz;7.sql;1;0.850421
11;x86-64;Oz;7.sql;2;0.737664
11;x86-64;Oz;7.sql;3;0.720672
11;x86-64;Oz;8.sql;1;0.405251
11;x86-64;Oz;8.sql;2;0.330375
11;x86-64;Oz;8.sql;3;0.319862
11;x86-64;Oz;9.sql;1;3.201219
11;x86-64;Oz;9.sql;2;3.106213
11;x86-64;Oz;9.sql;3;3.137037
11;x86-64;Og;10.sql;1;1.618357
11;x86-64;Og;10.sql;2;1.619752
11;x86-64;Og;10.sql;3;1.623641
11;x86-64;Og;11.sql;1;0.106793
11;x86-64;Og;11.sql;2;0.103872
11;x86-64;Og;11.sql;3;0.103254
11;x86-64;Og;12.sql;1;1.905293
11;x86-64;Og;12.sql;2;1.906046
11;x86-64;Og;12.sql;3;1.902964
11;x86-64;Og;13.sql;1;1.452593
11;x86-64;Og;13.sql;2;1.449768
11;x86-64;Og;13.sql;3;1.450846
11;x86-64;Og;14.sql;1;0.470433
11;x86-64;Og;14.sql;2;0.234589
11;x86-64;Og;14.sql;3;0.234528
11;x86-64;Og;15.sql;1;1.001274
11;x86-64;Og;15.sql;2;0.583886
11;x86-64;Og;15.sql;3;0.581692
11;x86-64;Og;16.sql;1;0.606037
11;x86-64;Og;16.sql;2;0.592343
11;x86-64;Og;16.sql;3;0.594330
11;x86-64;Og;17-flattened.sql;1;3.722803
11;x86-64;Og;17-flattened.sql;2;3.713686
11;x86-64;Og;17-flattened.sql;3;3.705417
11;x86-64;Og;17.sql;1;3.491270
11;x86-64;Og;17.sql;2;3.491856
11;x86-64;Og;17.sql;3;3.494641
11;x86-64;Og;18.sql;1;3.975846
11;x86-64;Og;18.sql;2;4.027326
11;x86-64;Og;18.sql;3;4.035040
11;x86-64;Og;19.sql;1;0.119584
11;x86-64;Og;19.sql;2;0.107231
11;x86-64;Og;19.sql;3;0.106956
11;x86-64;Og;1.sql;1;7.854117
11;x86-64;Og;1.sql;2;7.884324
11;x86-64;Og;1.sql;3;7.860431
11;x86-64;Og;20-flattened.sql;1;2.084493
11;x86-64;Og;20-flattened.sql;2;2.004708
11;x86-64;Og;20-flattened.sql;3;2.002751
11;x86-64;Og;20.sql;1;1.511014
11;x86-64;Og;20.sql;2;1.498298
11;x86-64;Og;20.sql;3;1.501491
11;x86-64;Og;21.sql;1;1.931718
11;x86-64;Og;21.sql;2;1.865217
11;x86-64;Og;21.sql;3;1.842934
11;x86-64;Og;22.sql;1;0.218529
11;x86-64;Og;22.sql;2;0.205897
11;x86-64;Og;22.sql;3;0.206381
11;x86-64;Og;2-flattened.sql;1;0.685377
11;x86-64;Og;2-flattened.sql;2;0.599970
11;x86-64;Og;2-flattened.sql;3;0.602142
11;x86-64;Og;2.sql;1;0.278795
11;x86-64;Og;2.sql;2;0.276252
11;x86-64;Og;2.sql;3;0.276182
11;x86-64;Og;3.sql;1;1.201027
11;x86-64;Og;3.sql;2;1.229311
11;x86-64;Og;3.sql;3;1.143632
11;x86-64;Og;4.sql;1;0.350111
11;x86-64;Og;4.sql;2;0.305100
11;x86-64;Og;4.sql;3;0.305417
11;x86-64;Og;5.sql;1;0.483516
11;x86-64;Og;5.sql;2;0.433993
11;x86-64;Og;5.sql;3;0.433259
11;x86-64;Og;6.sql;1;0.404628
11;x86-64;Og;6.sql;2;0.364807
11;x86-64;Og;6.sql;3;0.305290
11;x86-64;Og;7.sql;1;0.922843
11;x86-64;Og;7.sql;2;0.816731
11;x86-64;Og;7.sql;3;0.786254
11;x86-64;Og;8.sql;1;0.426869
11;x86-64;Og;8.sql;2;0.345726
11;x86-64;Og;8.sql;3;0.336923
11;x86-64;Og;9.sql;1;3.503814
11;x86-64;Og;9.sql;2;3.434958
11;x86-64;Og;9.sql;3;3.460811
11;x86-64;Ofast;10.sql;1;
11;x86-64;Ofast;10.sql;2;
11;x86-64;Ofast;10.sql;3;
11;x86-64;Ofast;11.sql;1;
11;x86-64;Ofast;11.sql;2;
11;x86-64;Ofast;11.sql;3;
11;x86-64;Ofast;12.sql;1;
11;x86-64;Ofast;12.sql;2;
11;x86-64;Ofast;12.sql;3;
11;x86-64;Ofast;13.sql;1;
11;x86-64;Ofast;13.sql;2;
11;x86-64;Ofast;13.sql;3;
11;x86-64;Ofast;14.sql;1;
11;x86-64;Ofast;14.sql;2;
11;x86-64;Ofast;14.sql;3;
11;x86-64;Ofast;15.sql;1;
11;x86-64;Ofast;15.sql;2;
11;x86-64;Ofast;15.sql;3;
11;x86-64;Ofast;16.sql;1;
11;x86-64;Ofast;16.sql;2;
11;x86-64;Ofast;16.sql;3;
11;x86-64;Ofast;17-flattened.sql;1;
11;x86-64;Ofast;17-flattened.sql;2;
11;x86-64;Ofast;17-flattened.sql;3;
11;x86-64;Ofast;17.sql;1;
11;x86-64;Ofast;17.sql;2;
11;x86-64;Ofast;17.sql;3;
11;x86-64;Ofast;18.sql;1;
11;x86-64;Ofast;18.sql;2;
11;x86-64;Ofast;18.sql;3;
11;x86-64;Ofast;19.sql;1;
11;x86-64;Ofast;19.sql;2;
11;x86-64;Ofast;19.sql;3;
11;x86-64;Ofast;1.sql;1;
11;x86-64;Ofast;1.sql;2;
11;x86-64;Ofast;1.sql;3;
11;x86-64;Ofast;20-flattened.sql;1;
11;x86-64;Ofast;20-flattened.sql;2;
11;x86-64;Ofast;20-flattened.sql;3;
11;x86-64;Ofast;20.sql;1;
11;x86-64;Ofast;20.sql;2;
11;x86-64;Ofast;20.sql;3;
11;x86-64;Ofast;21.sql;1;
11;x86-64;Ofast;21.sql;2;
11;x86-64;Ofast;21.sql;3;
11;x86-64;Ofast;22.sql;1;
11;x86-64;Ofast;22.sql;2;
11;x86-64;Ofast;22.sql;3;
11;x86-64;Ofast;2-flattened.sql;1;
11;x86-64;Ofast;2-flattened.sql;2;
11;x86-64;Ofast;2-flattened.sql;3;
11;x86-64;Ofast;2.sql;1;
11;x86-64;Ofast;2.sql;2;
11;x86-64;Ofast;2.sql;3;
11;x86-64;Ofast;3.sql;1;
11;x86-64;Ofast;3.sql;2;
11;x86-64;Ofast;3.sql;3;
11;x86-64;Ofast;4.sql;1;
11;x86-64;Ofast;4.sql;2;
11;x86-64;Ofast;4.sql;3;
11;x86-64;Ofast;5.sql;1;
11;x86-64;Ofast;5.sql;2;
11;x86-64;Ofast;5.sql;3;
11;x86-64;Ofast;6.sql;1;
11;x86-64;Ofast;6.sql;2;
11;x86-64;Ofast;6.sql;3;
11;x86-64;Ofast;7.sql;1;
11;x86-64;Ofast;7.sql;2;
11;x86-64;Ofast;7.sql;3;
11;x86-64;Ofast;8.sql;1;
11;x86-64;Ofast;8.sql;2;
11;x86-64;Ofast;8.sql;3;
11;x86-64;Ofast;9.sql;1;
11;x86-64;Ofast;9.sql;2;
11;x86-64;Ofast;9.sql;3;
10;x86-64;O0;10.sql;1;2.831990
10;x86-64;O0;10.sql;2;2.820805
10;x86-64;O0;10.sql;3;2.816714
10;x86-64;O0;11.sql;1;0.206957
10;x86-64;O0;11.sql;2;0.203550
10;x86-64;O0;11.sql;3;0.204509
10;x86-64;O0;12.sql;1;3.116328
10;x86-64;O0;12.sql;2;3.103451
10;x86-64;O0;12.sql;3;3.116577
10;x86-64;O0;13.sql;1;2.666844
10;x86-64;O0;13.sql;2;2.690515
10;x86-64;O0;13.sql;3;2.661871
10;x86-64;O0;14.sql;1;0.701080
10;x86-64;O0;14.sql;2;0.420826
10;x86-64;O0;14.sql;3;0.432929
10;x86-64;O0;15.sql;1;1.594889
10;x86-64;O0;15.sql;2;1.141920
10;x86-64;O0;15.sql;3;1.151317
10;x86-64;O0;16.sql;1;1.122781
10;x86-64;O0;16.sql;2;1.109637
10;x86-64;O0;16.sql;3;1.109457
10;x86-64;O0;17-flattened.sql;1;6.188033
10;x86-64;O0;17-flattened.sql;2;6.162983
10;x86-64;O0;17-flattened.sql;3;6.185244
10;x86-64;O0;17.sql;1;5.695965
10;x86-64;O0;17.sql;2;5.701146
10;x86-64;O0;17.sql;3;5.700966
10;x86-64;O0;18.sql;1;7.395805
10;x86-64;O0;18.sql;2;7.616080
10;x86-64;O0;18.sql;3;7.609503
10;x86-64;O0;19.sql;1;0.198976
10;x86-64;O0;19.sql;2;0.185004
10;x86-64;O0;19.sql;3;0.185000
10;x86-64;O0;1.sql;1;16.702211
10;x86-64;O0;1.sql;2;16.680675
10;x86-64;O0;1.sql;3;16.674528
10;x86-64;O0;20-flattened.sql;1;4.071544
10;x86-64;O0;20-flattened.sql;2;3.967719
10;x86-64;O0;20-flattened.sql;3;3.976410
10;x86-64;O0;20.sql;1;2.851395
10;x86-64;O0;20.sql;2;2.843009
10;x86-64;O0;20.sql;3;2.827768
10;x86-64;O0;21.sql;1;3.268572
10;x86-64;O0;21.sql;2;3.184585
10;x86-64;O0;21.sql;3;3.178582
10;x86-64;O0;22.sql;1;0.466595
10;x86-64;O0;22.sql;2;0.448093
10;x86-64;O0;22.sql;3;0.448092
10;x86-64;O0;2-flattened.sql;1;1.223836
10;x86-64;O0;2-flattened.sql;2;1.123079
10;x86-64;O0;2-flattened.sql;3;1.123405
10;x86-64;O0;2.sql;1;0.521347
10;x86-64;O0;2.sql;2;0.517517
10;x86-64;O0;2.sql;3;0.530210
10;x86-64;O0;3.sql;1;1.993569
10;x86-64;O0;3.sql;2;2.022699
10;x86-64;O0;3.sql;3;1.921671
10;x86-64;O0;4.sql;1;0.569050
10;x86-64;O0;4.sql;2;0.513020
10;x86-64;O0;4.sql;3;0.513190
10;x86-64;O0;5.sql;1;0.812347
10;x86-64;O0;5.sql;2;0.752372
10;x86-64;O0;5.sql;3;0.753434
10;x86-64;O0;6.sql;1;0.707845
10;x86-64;O0;6.sql;2;0.657972
10;x86-64;O0;6.sql;3;0.586630
10;x86-64;O0;7.sql;1;1.467313
10;x86-64;O0;7.sql;2;1.320577
10;x86-64;O0;7.sql;3;1.292663
10;x86-64;O0;8.sql;1;0.640601
10;x86-64;O0;8.sql;2;0.527782
10;x86-64;O0;8.sql;3;0.530081
10;x86-64;O0;9.sql;1;6.460236
10;x86-64;O0;9.sql;2;6.386688
10;x86-64;O0;9.sql;3;6.433126
10;x86-64;O1;10.sql;1;1.624692
10;x86-64;O1;10.sql;2;1.615742
10;x86-64;O1;10.sql;3;1.598609
10;x86-64;O1;11.sql;1;0.107461
10;x86-64;O1;11.sql;2;0.104629
10;x86-64;O1;11.sql;3;0.103896
10;x86-64;O1;12.sql;1;1.934515
10;x86-64;O1;12.sql;2;1.931218
10;x86-64;O1;12.sql;3;1.935979
10;x86-64;O1;13.sql;1;1.426212
10;x86-64;O1;13.sql;2;1.422229
10;x86-64;O1;13.sql;3;1.426074
10;x86-64;O1;14.sql;1;0.480071
10;x86-64;O1;14.sql;2;0.249230
10;x86-64;O1;14.sql;3;0.239354
10;x86-64;O1;15.sql;1;0.993529
10;x86-64;O1;15.sql;2;0.597159
10;x86-64;O1;15.sql;3;0.598642
10;x86-64;O1;16.sql;1;0.602909
10;x86-64;O1;16.sql;2;0.591312
10;x86-64;O1;16.sql;3;0.590775
10;x86-64;O1;17-flattened.sql;1;3.748842
10;x86-64;O1;17-flattened.sql;2;3.732817
10;x86-64;O1;17-flattened.sql;3;3.733843
10;x86-64;O1;17.sql;1;3.551826
10;x86-64;O1;17.sql;2;3.539148
10;x86-64;O1;17.sql;3;3.553414
10;x86-64;O1;18.sql;1;4.047306
10;x86-64;O1;18.sql;2;4.113897
10;x86-64;O1;18.sql;3;4.112319
10;x86-64;O1;19.sql;1;0.117518
10;x86-64;O1;19.sql;2;0.104844
10;x86-64;O1;19.sql;3;0.105230
10;x86-64;O1;1.sql;1;8.000197
10;x86-64;O1;1.sql;2;7.999969
10;x86-64;O1;1.sql;3;7.987893
10;x86-64;O1;20-flattened.sql;1;2.070703
10;x86-64;O1;20-flattened.sql;2;1.976452
10;x86-64;O1;20-flattened.sql;3;1.991525
10;x86-64;O1;20.sql;1;1.509048
10;x86-64;O1;20.sql;2;1.496342
10;x86-64;O1;20.sql;3;1.499082
10;x86-64;O1;21.sql;1;1.942337
10;x86-64;O1;21.sql;2;1.846353
10;x86-64;O1;21.sql;3;1.868186
10;x86-64;O1;22.sql;1;0.216491
10;x86-64;O1;22.sql;2;0.203962
10;x86-64;O1;22.sql;3;0.204505
10;x86-64;O1;2-flattened.sql;1;0.665256
10;x86-64;O1;2-flattened.sql;2;0.580960
10;x86-64;O1;2-flattened.sql;3;0.583554
10;x86-64;O1;2.sql;1;0.272410
10;x86-64;O1;2.sql;2;0.269608
10;x86-64;O1;2.sql;3;0.269300
10;x86-64;O1;3.sql;1;1.213157
10;x86-64;O1;3.sql;2;1.240929
10;x86-64;O1;3.sql;3;1.156202
10;x86-64;O1;4.sql;1;0.352774
10;x86-64;O1;4.sql;2;0.307058
10;x86-64;O1;4.sql;3;0.309161
10;x86-64;O1;5.sql;1;0.486507
10;x86-64;O1;5.sql;2;0.438236
10;x86-64;O1;5.sql;3;0.437221
10;x86-64;O1;6.sql;1;0.401899
10;x86-64;O1;6.sql;2;0.362934
10;x86-64;O1;6.sql;3;0.304007
10;x86-64;O1;7.sql;1;0.923534
10;x86-64;O1;7.sql;2;0.820880
10;x86-64;O1;7.sql;3;0.796040
10;x86-64;O1;8.sql;1;0.442497
10;x86-64;O1;8.sql;2;0.363799
10;x86-64;O1;8.sql;3;0.341490
10;x86-64;O1;9.sql;1;3.387983
10;x86-64;O1;9.sql;2;3.341420
10;x86-64;O1;9.sql;3;3.359197
10;x86-64;O2;10.sql;1;1.442869
10;x86-64;O2;10.sql;2;1.435544
10;x86-64;O2;10.sql;3;1.436855
10;x86-64;O2;11.sql;1;0.090734
10;x86-64;O2;11.sql;2;0.088005
10;x86-64;O2;11.sql;3;0.088065
10;x86-64;O2;12.sql;1;1.710644
10;x86-64;O2;12.sql;2;1.721409
10;x86-64;O2;12.sql;3;1.722673
10;x86-64;O2;13.sql;1;1.267709
10;x86-64;O2;13.sql;2;1.263695
10;x86-64;O2;13.sql;3;1.263925
10;x86-64;O2;14.sql;1;0.445195
10;x86-64;O2;14.sql;2;0.226810
10;x86-64;O2;14.sql;3;0.225221
10;x86-64;O2;15.sql;1;0.906936
10;x86-64;O2;15.sql;2;0.537005
10;x86-64;O2;15.sql;3;0.534159
10;x86-64;O2;16.sql;1;0.542161
10;x86-64;O2;16.sql;2;0.530175
10;x86-64;O2;16.sql;3;0.529980
10;x86-64;O2;17-flattened.sql;1;3.379788
10;x86-64;O2;17-flattened.sql;2;3.368115
10;x86-64;O2;17-flattened.sql;3;3.365624
10;x86-64;O2;17.sql;1;3.171391
10;x86-64;O2;17.sql;2;3.171116
10;x86-64;O2;17.sql;3;3.159978
10;x86-64;O2;18.sql;1;3.539063
10;x86-64;O2;18.sql;2;3.577586
10;x86-64;O2;18.sql;3;3.564411
10;x86-64;O2;19.sql;1;0.110349
10;x86-64;O2;19.sql;2;0.096376
10;x86-64;O2;19.sql;3;0.096579
10;x86-64;O2;1.sql;1;6.701604
10;x86-64;O2;1.sql;2;6.723359
10;x86-64;O2;1.sql;3;6.715900
10;x86-64;O2;20-flattened.sql;1;1.873207
10;x86-64;O2;20-flattened.sql;2;1.803681
10;x86-64;O2;20-flattened.sql;3;1.809621
10;x86-64;O2;20.sql;1;1.384651
10;x86-64;O2;20.sql;2;1.371927
10;x86-64;O2;20.sql;3;1.373504
10;x86-64;O2;21.sql;1;1.761806
10;x86-64;O2;21.sql;2;1.691377
10;x86-64;O2;21.sql;3;1.682994
10;x86-64;O2;22.sql;1;0.183812
10;x86-64;O2;22.sql;2;0.172655
10;x86-64;O2;22.sql;3;0.172842
10;x86-64;O2;2-flattened.sql;1;0.601251
10;x86-64;O2;2-flattened.sql;2;0.523033
10;x86-64;O2;2-flattened.sql;3;0.520926
10;x86-64;O2;2.sql;1;0.244219
10;x86-64;O2;2.sql;2;0.242398
10;x86-64;O2;2.sql;3;0.241159
10;x86-64;O2;3.sql;1;1.077820
10;x86-64;O2;3.sql;2;1.114625
10;x86-64;O2;3.sql;3;1.030693
10;x86-64;O2;4.sql;1;0.317027
10;x86-64;O2;4.sql;2;0.274770
10;x86-64;O2;4.sql;3;0.262076
10;x86-64;O2;5.sql;1;0.457605
10;x86-64;O2;5.sql;2;0.399077
10;x86-64;O2;5.sql;3;0.399387
10;x86-64;O2;6.sql;1;0.360035
10;x86-64;O2;6.sql;2;0.321462
10;x86-64;O2;6.sql;3;0.263839
10;x86-64;O2;7.sql;1;0.845948
10;x86-64;O2;7.sql;2;0.752643
10;x86-64;O2;7.sql;3;0.709329
10;x86-64;O2;8.sql;1;0.416877
10;x86-64;O2;8.sql;2;0.338994
10;x86-64;O2;8.sql;3;0.328682
10;x86-64;O2;9.sql;1;2.973963
10;x86-64;O2;9.sql;2;2.938888
10;x86-64;O2;9.sql;3;2.958468
10;x86-64;O3;10.sql;1;1.434687
10;x86-64;O3;10.sql;2;1.441486
10;x86-64;O3;10.sql;3;1.440936
10;x86-64;O3;11.sql;1;0.094504
10;x86-64;O3;11.sql;2;0.092260
10;x86-64;O3;11.sql;3;0.093113
10;x86-64;O3;12.sql;1;1.787478
10;x86-64;O3;12.sql;2;1.759553
10;x86-64;O3;12.sql;3;1.761349
10;x86-64;O3;13.sql;1;1.253669
10;x86-64;O3;13.sql;2;1.248085
10;x86-64;O3;13.sql;3;1.250488
10;x86-64;O3;14.sql;1;0.441103
10;x86-64;O3;14.sql;2;0.208645
10;x86-64;O3;14.sql;3;0.221099
10;x86-64;O3;15.sql;1;0.889434
10;x86-64;O3;15.sql;2;0.517399
10;x86-64;O3;15.sql;3;0.514615
10;x86-64;O3;16.sql;1;0.533290
10;x86-64;O3;16.sql;2;0.522015
10;x86-64;O3;16.sql;3;0.521900
10;x86-64;O3;17-flattened.sql;1;3.340351
10;x86-64;O3;17-flattened.sql;2;3.342272
10;x86-64;O3;17-flattened.sql;3;3.354691
10;x86-64;O3;17.sql;1;3.201460
10;x86-64;O3;17.sql;2;3.194260
10;x86-64;O3;17.sql;3;3.208941
10;x86-64;O3;18.sql;1;3.396034
10;x86-64;O3;18.sql;2;3.452109
10;x86-64;O3;18.sql;3;3.427992
10;x86-64;O3;19.sql;1;0.115494
10;x86-64;O3;19.sql;2;0.102989
10;x86-64;O3;19.sql;3;0.102391
10;x86-64;O3;1.sql;1;6.617652
10;x86-64;O3;1.sql;2;6.597145
10;x86-64;O3;1.sql;3;6.625413
10;x86-64;O3;20-flattened.sql;1;1.862343
10;x86-64;O3;20-flattened.sql;2;1.797182
10;x86-64;O3;20-flattened.sql;3;1.786857
10;x86-64;O3;20.sql;1;1.361291
10;x86-64;O3;20.sql;2;1.353916
10;x86-64;O3;20.sql;3;1.352432
10;x86-64;O3;21.sql;1;1.711267
10;x86-64;O3;21.sql;2;1.637222
10;x86-64;O3;21.sql;3;1.629931
10;x86-64;O3;22.sql;1;0.180828
10;x86-64;O3;22.sql;2;0.170160
10;x86-64;O3;22.sql;3;0.170533
10;x86-64;O3;2-flattened.sql;1;0.582480
10;x86-64;O3;2-flattened.sql;2;0.503771
10;x86-64;O3;2-flattened.sql;3;0.502645
10;x86-64;O3;2.sql;1;0.238938
10;x86-64;O3;2.sql;2;0.235802
10;x86-64;O3;2.sql;3;0.236057
10;x86-64;O3;3.sql;1;1.061662
10;x86-64;O3;3.sql;2;1.099008
10;x86-64;O3;3.sql;3;1.018597
10;x86-64;O3;4.sql;1;0.310888
10;x86-64;O3;4.sql;2;0.266637
10;x86-64;O3;4.sql;3;0.266729
10;x86-64;O3;5.sql;1;0.430278
10;x86-64;O3;5.sql;2;0.380714
10;x86-64;O3;5.sql;3;0.381915
10;x86-64;O3;6.sql;1;0.352098
10;x86-64;O3;6.sql;2;0.317293
10;x86-64;O3;6.sql;3;0.262265
10;x86-64;O3;7.sql;1;0.820590
10;x86-64;O3;7.sql;2;0.713995
10;x86-64;O3;7.sql;3;0.690798
10;x86-64;O3;8.sql;1;0.396615
10;x86-64;O3;8.sql;2;0.325877
10;x86-64;O3;8.sql;3;0.318007
10;x86-64;O3;9.sql;1;2.948940
10;x86-64;O3;9.sql;2;2.896638
10;x86-64;O3;9.sql;3;2.917553
10;x86-64;Os;10.sql;1;1.448625
10;x86-64;Os;10.sql;2;1.474647
10;x86-64;Os;10.sql;3;1.488173
10;x86-64;Os;11.sql;1;0.093000
10;x86-64;Os;11.sql;2;0.090150
10;x86-64;Os;11.sql;3;0.090898
10;x86-64;Os;12.sql;1;1.723133
10;x86-64;Os;12.sql;2;1.731725
10;x86-64;Os;12.sql;3;1.731697
10;x86-64;Os;13.sql;1;1.222895
10;x86-64;Os;13.sql;2;1.220563
10;x86-64;Os;13.sql;3;1.219365
10;x86-64;Os;14.sql;1;0.445559
10;x86-64;Os;14.sql;2;0.228259
10;x86-64;Os;14.sql;3;0.228009
10;x86-64;Os;15.sql;1;0.900282
10;x86-64;Os;15.sql;2;0.539303
10;x86-64;Os;15.sql;3;0.539779
10;x86-64;Os;16.sql;1;0.552392
10;x86-64;Os;16.sql;2;0.540825
10;x86-64;Os;16.sql;3;0.540559
10;x86-64;Os;17-flattened.sql;1;3.420688
10;x86-64;Os;17-flattened.sql;2;3.427645
10;x86-64;Os;17-flattened.sql;3;3.443075
10;x86-64;Os;17.sql;1;3.227851
10;x86-64;Os;17.sql;2;3.222322
10;x86-64;Os;17.sql;3;3.226859
10;x86-64;Os;18.sql;1;3.641500
10;x86-64;Os;18.sql;2;3.691453
10;x86-64;Os;18.sql;3;3.672269
10;x86-64;Os;19.sql;1;0.118035
10;x86-64;Os;19.sql;2;0.105644
10;x86-64;Os;19.sql;3;0.105533
10;x86-64;Os;1.sql;1;6.755659
10;x86-64;Os;1.sql;2;6.793410
10;x86-64;Os;1.sql;3;6.761838
10;x86-64;Os;20-flattened.sql;1;1.956280
10;x86-64;Os;20-flattened.sql;2;1.883193
10;x86-64;Os;20-flattened.sql;3;1.879736
10;x86-64;Os;20.sql;1;1.418067
10;x86-64;Os;20.sql;2;1.402617
10;x86-64;Os;20.sql;3;1.403811
10;x86-64;Os;21.sql;1;1.740623
10;x86-64;Os;21.sql;2;1.661735
10;x86-64;Os;21.sql;3;1.658649
10;x86-64;Os;22.sql;1;0.195361
10;x86-64;Os;22.sql;2;0.183364
10;x86-64;Os;22.sql;3;0.184364
10;x86-64;Os;2-flattened.sql;1;0.611043
10;x86-64;Os;2-flattened.sql;2;0.530709
10;x86-64;Os;2-flattened.sql;3;0.530371
10;x86-64;Os;2.sql;1;0.253035
10;x86-64;Os;2.sql;2;0.250770
10;x86-64;Os;2.sql;3;0.250572
10;x86-64;Os;3.sql;1;1.092231
10;x86-64;Os;3.sql;2;1.132162
10;x86-64;Os;3.sql;3;1.050909
10;x86-64;Os;4.sql;1;1.888849
10;x86-64;Os;4.sql;2;1.884033
10;x86-64;Os;4.sql;3;1.894067
10;x86-64;Os;5.sql;1;0.447198
10;x86-64;Os;5.sql;2;0.406087
10;x86-64;Os;5.sql;3;0.393638
10;x86-64;Os;6.sql;1;0.361514
10;x86-64;Os;6.sql;2;0.284115
10;x86-64;Os;6.sql;3;0.284648
10;x86-64;Os;7.sql;1;0.839602
10;x86-64;Os;7.sql;2;0.722717
10;x86-64;Os;7.sql;3;0.712606
10;x86-64;Os;8.sql;1;0.405123
10;x86-64;Os;8.sql;2;0.328491
10;x86-64;Os;8.sql;3;0.322812
10;x86-64;Os;9.sql;1;3.096280
10;x86-64;Os;9.sql;2;2.977362
10;x86-64;Os;9.sql;3;3.019407
10;x86-64;Oz;10.sql;1;1.490293
10;x86-64;Oz;10.sql;2;1.490424
10;x86-64;Oz;10.sql;3;1.490243
10;x86-64;Oz;11.sql;1;0.095290
10;x86-64;Oz;11.sql;2;0.094805
10;x86-64;Oz;11.sql;3;0.094169
10;x86-64;Oz;12.sql;1;1.791642
10;x86-64;Oz;12.sql;2;1.785943
10;x86-64;Oz;12.sql;3;1.785919
10;x86-64;Oz;13.sql;1;1.286866
10;x86-64;Oz;13.sql;2;1.283659
10;x86-64;Oz;13.sql;3;1.283201
10;x86-64;Oz;14.sql;1;0.451711
10;x86-64;Oz;14.sql;2;0.234751
10;x86-64;Oz;14.sql;3;0.235701
10;x86-64;Oz;15.sql;1;0.921427
10;x86-64;Oz;15.sql;2;0.560441
10;x86-64;Oz;15.sql;3;0.559360
10;x86-64;Oz;16.sql;1;0.569334
10;x86-64;Oz;16.sql;2;0.558698
10;x86-64;Oz;16.sql;3;0.558257
10;x86-64;Oz;17-flattened.sql;1;3.502330
10;x86-64;Oz;17-flattened.sql;2;3.496251
10;x86-64;Oz;17-flattened.sql;3;3.503601
10;x86-64;Oz;17.sql;1;3.303832
10;x86-64;Oz;17.sql;2;3.299462
10;x86-64;Oz;17.sql;3;3.319314
10;x86-64;Oz;18.sql;1;3.658835
10;x86-64;Oz;18.sql;2;3.734534
10;x86-64;Oz;18.sql;3;3.698513
10;x86-64;Oz;19.sql;1;0.122753
10;x86-64;Oz;19.sql;2;0.110317
10;x86-64;Oz;19.sql;3;0.110381
10;x86-64;Oz;1.sql;1;7.201544
10;x86-64;Oz;1.sql;2;7.196547
10;x86-64;Oz;1.sql;3;7.215663
10;x86-64;Oz;20-flattened.sql;1;2.032401
10;x86-64;Oz;20-flattened.sql;2;1.955502
10;x86-64;Oz;20-flattened.sql;3;1.954775
10;x86-64;Oz;20.sql;1;1.476788
10;x86-64;Oz;20.sql;2;1.450168
10;x86-64;Oz;20.sql;3;1.454113
10;x86-64;Oz;21.sql;1;1.791501
10;x86-64;Oz;21.sql;2;1.736820
10;x86-64;Oz;21.sql;3;1.716605
10;x86-64;Oz;22.sql;1;0.208055
10;x86-64;Oz;22.sql;2;0.196577
10;x86-64;Oz;22.sql;3;0.196755
10;x86-64;Oz;2-flattened.sql;1;0.613170
10;x86-64;Oz;2-flattened.sql;2;0.531179
10;x86-64;Oz;2-flattened.sql;3;0.532230
10;x86-64;Oz;2.sql;1;0.248300
10;x86-64;Oz;2.sql;2;0.245675
10;x86-64;Oz;2.sql;3;0.245041
10;x86-64;Oz;3.sql;1;1.118370
10;x86-64;Oz;3.sql;2;1.142557
10;x86-64;Oz;3.sql;3;1.078815
10;x86-64;Oz;4.sql;1;0.326225
10;x86-64;Oz;4.sql;2;0.284914
10;x86-64;Oz;4.sql;3;0.272719
10;x86-64;Oz;5.sql;1;0.460830
10;x86-64;Oz;5.sql;2;0.402288
10;x86-64;Oz;5.sql;3;0.413500
10;x86-64;Oz;6.sql;1;0.373722
10;x86-64;Oz;6.sql;2;0.338661
10;x86-64;Oz;6.sql;3;0.296210
10;x86-64;Oz;7.sql;1;0.857226
10;x86-64;Oz;7.sql;2;0.761134
10;x86-64;Oz;7.sql;3;0.735347
10;x86-64;Oz;8.sql;1;0.419446
10;x86-64;Oz;8.sql;2;0.342679
10;x86-64;Oz;8.sql;3;0.322327
10;x86-64;Oz;9.sql;1;3.199693
10;x86-64;Oz;9.sql;2;3.136232
10;x86-64;Oz;9.sql;3;3.161054
10;x86-64;Og;10.sql;1;1.610697
10;x86-64;Og;10.sql;2;1.574767
10;x86-64;Og;10.sql;3;1.612949
10;x86-64;Og;11.sql;1;0.107433
10;x86-64;Og;11.sql;2;0.104130
10;x86-64;Og;11.sql;3;0.105125
10;x86-64;Og;12.sql;1;1.899830
10;x86-64;Og;12.sql;2;1.899149
10;x86-64;Og;12.sql;3;1.889113
10;x86-64;Og;13.sql;1;1.425559
10;x86-64;Og;13.sql;2;1.422036
10;x86-64;Og;13.sql;3;1.421642
10;x86-64;Og;14.sql;1;0.483732
10;x86-64;Og;14.sql;2;0.245906
10;x86-64;Og;14.sql;3;0.235266
10;x86-64;Og;15.sql;1;0.994163
10;x86-64;Og;15.sql;2;0.607743
10;x86-64;Og;15.sql;3;0.600911
10;x86-64;Og;16.sql;1;0.603273
10;x86-64;Og;16.sql;2;0.592435
10;x86-64;Og;16.sql;3;0.591434
10;x86-64;Og;17-flattened.sql;1;3.749898
10;x86-64;Og;17-flattened.sql;2;3.795621
10;x86-64;Og;17-flattened.sql;3;3.793412
10;x86-64;Og;17.sql;1;3.549576
10;x86-64;Og;17.sql;2;3.537506
10;x86-64;Og;17.sql;3;3.549962
10;x86-64;Og;18.sql;1;4.087322
10;x86-64;Og;18.sql;2;4.117356
10;x86-64;Og;18.sql;3;4.126847
10;x86-64;Og;19.sql;1;0.117392
10;x86-64;Og;19.sql;2;0.104794
10;x86-64;Og;19.sql;3;0.104636
10;x86-64;Og;1.sql;1;8.237537
10;x86-64;Og;1.sql;2;8.228359
10;x86-64;Og;1.sql;3;8.228122
10;x86-64;Og;20-flattened.sql;1;2.117172
10;x86-64;Og;20-flattened.sql;2;2.031612
10;x86-64;Og;20-flattened.sql;3;2.056708
10;x86-64;Og;20.sql;1;1.508886
10;x86-64;Og;20.sql;2;1.495427
10;x86-64;Og;20.sql;3;1.494881
10;x86-64;Og;21.sql;1;1.933803
10;x86-64;Og;21.sql;2;1.857937
10;x86-64;Og;21.sql;3;1.841562
10;x86-64;Og;22.sql;1;0.216770
10;x86-64;Og;22.sql;2;0.203265
10;x86-64;Og;22.sql;3;0.203436
10;x86-64;Og;2-flattened.sql;1;0.682714
10;x86-64;Og;2-flattened.sql;2;0.598406
10;x86-64;Og;2-flattened.sql;3;0.598263
10;x86-64;Og;2.sql;1;0.271466
10;x86-64;Og;2.sql;2;0.267904
10;x86-64;Og;2.sql;3;0.268218
10;x86-64;Og;3.sql;1;1.203611
10;x86-64;Og;3.sql;2;1.246697
10;x86-64;Og;3.sql;3;1.166586
10;x86-64;Og;4.sql;1;0.353019
10;x86-64;Og;4.sql;2;0.304852
10;x86-64;Og;4.sql;3;0.293597
10;x86-64;Og;5.sql;1;0.485903
10;x86-64;Og;5.sql;2;0.437031
10;x86-64;Og;5.sql;3;0.437435
10;x86-64;Og;6.sql;1;0.403087
10;x86-64;Og;6.sql;2;0.364326
10;x86-64;Og;6.sql;3;0.304884
10;x86-64;Og;7.sql;1;0.916551
10;x86-64;Og;7.sql;2;0.812970
10;x86-64;Og;7.sql;3;0.788448
10;x86-64;Og;8.sql;1;0.443249
10;x86-64;Og;8.sql;2;0.348892
10;x86-64;Og;8.sql;3;0.342041
10;x86-64;Og;9.sql;1;3.370436
10;x86-64;Og;9.sql;2;3.332228
10;x86-64;Og;9.sql;3;3.370610
10;x86-64;Ofast;10.sql;1;
10;x86-64;Ofast;10.sql;2;
10;x86-64;Ofast;10.sql;3;
10;x86-64;Ofast;11.sql;1;
10;x86-64;Ofast;11.sql;2;
10;x86-64;Ofast;11.sql;3;
10;x86-64;Ofast;12.sql;1;
10;x86-64;Ofast;12.sql;2;
10;x86-64;Ofast;12.sql;3;
10;x86-64;Ofast;13.sql;1;
10;x86-64;Ofast;13.sql;2;
10;x86-64;Ofast;13.sql;3;
10;x86-64;Ofast;14.sql;1;
10;x86-64;Ofast;14.sql;2;
10;x86-64;Ofast;14.sql;3;
10;x86-64;Ofast;15.sql;1;
10;x86-64;Ofast;15.sql;2;
10;x86-64;Ofast;15.sql;3;
10;x86-64;Ofast;16.sql;1;
10;x86-64;Ofast;16.sql;2;
10;x86-64;Ofast;16.sql;3;
10;x86-64;Ofast;17-flattened.sql;1;
10;x86-64;Ofast;17-flattened.sql;2;
10;x86-64;Ofast;17-flattened.sql;3;
10;x86-64;Ofast;17.sql;1;
10;x86-64;Ofast;17.sql;2;
10;x86-64;Ofast;17.sql;3;
10;x86-64;Ofast;18.sql;1;
10;x86-64;Ofast;18.sql;2;
10;x86-64;Ofast;18.sql;3;
10;x86-64;Ofast;19.sql;1;
10;x86-64;Ofast;19.sql;2;
10;x86-64;Ofast;19.sql;3;
10;x86-64;Ofast;1.sql;1;
10;x86-64;Ofast;1.sql;2;
10;x86-64;Ofast;1.sql;3;
10;x86-64;Ofast;20-flattened.sql;1;
10;x86-64;Ofast;20-flattened.sql;2;
10;x86-64;Ofast;20-flattened.sql;3;
10;x86-64;Ofast;20.sql;1;
10;x86-64;Ofast;20.sql;2;
10;x86-64;Ofast;20.sql;3;
10;x86-64;Ofast;21.sql;1;
10;x86-64;Ofast;21.sql;2;
10;x86-64;Ofast;21.sql;3;
10;x86-64;Ofast;22.sql;1;
10;x86-64;Ofast;22.sql;2;
10;x86-64;Ofast;22.sql;3;
10;x86-64;Ofast;2-flattened.sql;1;
10;x86-64;Ofast;2-flattened.sql;2;
10;x86-64;Ofast;2-flattened.sql;3;
10;x86-64;Ofast;2.sql;1;
10;x86-64;Ofast;2.sql;2;
10;x86-64;Ofast;2.sql;3;
10;x86-64;Ofast;3.sql;1;
10;x86-64;Ofast;3.sql;2;
10;x86-64;Ofast;3.sql;3;
10;x86-64;Ofast;4.sql;1;
10;x86-64;Ofast;4.sql;2;
10;x86-64;Ofast;4.sql;3;
10;x86-64;Ofast;5.sql;1;
10;x86-64;Ofast;5.sql;2;
10;x86-64;Ofast;5.sql;3;
10;x86-64;Ofast;6.sql;1;
10;x86-64;Ofast;6.sql;2;
10;x86-64;Ofast;6.sql;3;
10;x86-64;Ofast;7.sql;1;
10;x86-64;Ofast;7.sql;2;
10;x86-64;Ofast;7.sql;3;
10;x86-64;Ofast;8.sql;1;
10;x86-64;Ofast;8.sql;2;
10;x86-64;Ofast;8.sql;3;
10;x86-64;Ofast;9.sql;1;
10;x86-64;Ofast;9.sql;2;
10;x86-64;Ofast;9.sql;3;
9;x86-64;O0;10.sql;1;2.690632
9;x86-64;O0;10.sql;2;2.684854
9;x86-64;O0;10.sql;3;2.682915
9;x86-64;O0;11.sql;1;0.197207
9;x86-64;O0;11.sql;2;0.193806
9;x86-64;O0;11.sql;3;0.193876
9;x86-64;O0;12.sql;1;3.116551
9;x86-64;O0;12.sql;2;3.116562
9;x86-64;O0;12.sql;3;3.114822
9;x86-64;O0;13.sql;1;2.686515
9;x86-64;O0;13.sql;2;2.683722
9;x86-64;O0;13.sql;3;2.685496
9;x86-64;O0;14.sql;1;0.669328
9;x86-64;O0;14.sql;2;0.409171
9;x86-64;O0;14.sql;3;0.408796
9;x86-64;O0;15.sql;1;1.562548
9;x86-64;O0;15.sql;2;1.116467
9;x86-64;O0;15.sql;3;1.119564
9;x86-64;O0;16.sql;1;1.134009
9;x86-64;O0;16.sql;2;1.119431
9;x86-64;O0;16.sql;3;1.120143
9;x86-64;O0;17-flattened.sql;1;6.225853
9;x86-64;O0;17-flattened.sql;2;6.235243
9;x86-64;O0;17-flattened.sql;3;6.223847
9;x86-64;O0;17.sql;1;5.888971
9;x86-64;O0;17.sql;2;5.884443
9;x86-64;O0;17.sql;3;5.887176
9;x86-64;O0;18.sql;1;6.969215
9;x86-64;O0;18.sql;2;7.205258
9;x86-64;O0;18.sql;3;7.160354
9;x86-64;O0;19.sql;1;0.197995
9;x86-64;O0;19.sql;2;0.182058
9;x86-64;O0;19.sql;3;0.182201
9;x86-64;O0;1.sql;1;16.967246
9;x86-64;O0;1.sql;2;16.938461
9;x86-64;O0;1.sql;3;16.944923
9;x86-64;O0;20-flattened.sql;1;3.974998
9;x86-64;O0;20-flattened.sql;2;3.895503
9;x86-64;O0;20-flattened.sql;3;3.896669
9;x86-64;O0;20.sql;1;2.862242
9;x86-64;O0;20.sql;2;2.844545
9;x86-64;O0;20.sql;3;2.845076
9;x86-64;O0;21.sql;1;3.268111
9;x86-64;O0;21.sql;2;3.184477
9;x86-64;O0;21.sql;3;3.176683
9;x86-64;O0;22.sql;1;0.467874
9;x86-64;O0;22.sql;2;0.450273
9;x86-64;O0;22.sql;3;0.450191
9;x86-64;O0;2-flattened.sql;1;1.200287
9;x86-64;O0;2-flattened.sql;2;1.106472
9;x86-64;O0;2-flattened.sql;3;1.107266
9;x86-64;O0;2.sql;1;0.508186
9;x86-64;O0;2.sql;2;0.504106
9;x86-64;O0;2.sql;3;0.504270
9;x86-64;O0;3.sql;1;1.966690
9;x86-64;O0;3.sql;2;1.998879
9;x86-64;O0;3.sql;3;1.904701
9;x86-64;O0;4.sql;1;0.563713
9;x86-64;O0;4.sql;2;0.511962
9;x86-64;O0;4.sql;3;0.510818
9;x86-64;O0;5.sql;1;0.796964
9;x86-64;O0;5.sql;2;0.742352
9;x86-64;O0;5.sql;3;0.741651
9;x86-64;O0;6.sql;1;0.703388
9;x86-64;O0;6.sql;2;0.655258
9;x86-64;O0;6.sql;3;0.587742
9;x86-64;O0;7.sql;1;1.461955
9;x86-64;O0;7.sql;2;1.330230
9;x86-64;O0;7.sql;3;1.299872
9;x86-64;O0;8.sql;1;0.638697
9;x86-64;O0;8.sql;2;0.541333
9;x86-64;O0;8.sql;3;0.529697
9;x86-64;O0;9.sql;1;6.534314
9;x86-64;O0;9.sql;2;6.449835
9;x86-64;O0;9.sql;3;6.477996
9;x86-64;O1;10.sql;1;1.569503
9;x86-64;O1;10.sql;2;1.580989
9;x86-64;O1;10.sql;3;1.584884
9;x86-64;O1;11.sql;1;0.109665
9;x86-64;O1;11.sql;2;0.104619
9;x86-64;O1;11.sql;3;0.103403
9;x86-64;O1;12.sql;1;1.872970
9;x86-64;O1;12.sql;2;1.873950
9;x86-64;O1;12.sql;3;1.874018
9;x86-64;O1;13.sql;1;1.357013
9;x86-64;O1;13.sql;2;1.354104
9;x86-64;O1;13.sql;3;1.354976
9;x86-64;O1;14.sql;1;0.470080
9;x86-64;O1;14.sql;2;0.240519
9;x86-64;O1;14.sql;3;0.239873
9;x86-64;O1;15.sql;1;0.972721
9;x86-64;O1;15.sql;2;0.596015
9;x86-64;O1;15.sql;3;0.587134
9;x86-64;O1;16.sql;1;0.588687
9;x86-64;O1;16.sql;2;0.576597
9;x86-64;O1;16.sql;3;0.576331
9;x86-64;O1;17-flattened.sql;1;3.684699
9;x86-64;O1;17-flattened.sql;2;3.664434
9;x86-64;O1;17-flattened.sql;3;3.654246
9;x86-64;O1;17.sql;1;3.469177
9;x86-64;O1;17.sql;2;3.486360
9;x86-64;O1;17.sql;3;3.466128
9;x86-64;O1;18.sql;1;3.828304
9;x86-64;O1;18.sql;2;3.856630
9;x86-64;O1;18.sql;3;3.843484
9;x86-64;O1;19.sql;1;0.117377
9;x86-64;O1;19.sql;2;0.105866
9;x86-64;O1;19.sql;3;0.106012
9;x86-64;O1;1.sql;1;7.731548
9;x86-64;O1;1.sql;2;7.727206
9;x86-64;O1;1.sql;3;7.697668
9;x86-64;O1;20-flattened.sql;1;2.002985
9;x86-64;O1;20-flattened.sql;2;1.919340
9;x86-64;O1;20-flattened.sql;3;1.920724
9;x86-64;O1;20.sql;1;1.461271
9;x86-64;O1;20.sql;2;1.473330
9;x86-64;O1;20.sql;3;1.452718
9;x86-64;O1;21.sql;1;1.885825
9;x86-64;O1;21.sql;2;1.800793
9;x86-64;O1;21.sql;3;1.796032
9;x86-64;O1;22.sql;1;0.212484
9;x86-64;O1;22.sql;2;0.201465
9;x86-64;O1;22.sql;3;0.201926
9;x86-64;O1;2-flattened.sql;1;0.628124
9;x86-64;O1;2-flattened.sql;2;0.545469
9;x86-64;O1;2-flattened.sql;3;0.545229
9;x86-64;O1;2.sql;1;0.250204
9;x86-64;O1;2.sql;2;0.248012
9;x86-64;O1;2.sql;3;0.247515
9;x86-64;O1;3.sql;1;1.175543
9;x86-64;O1;3.sql;2;1.208201
9;x86-64;O1;3.sql;3;1.129978
9;x86-64;O1;4.sql;1;1.982869
9;x86-64;O1;4.sql;2;1.983414
9;x86-64;O1;4.sql;3;1.985792
9;x86-64;O1;5.sql;1;0.482597
9;x86-64;O1;5.sql;2;0.441429
9;x86-64;O1;5.sql;3;0.439986
9;x86-64;O1;6.sql;1;0.381213
9;x86-64;O1;6.sql;2;0.302836
9;x86-64;O1;6.sql;3;0.302984
9;x86-64;O1;7.sql;1;0.889130
9;x86-64;O1;7.sql;2;0.781895
9;x86-64;O1;7.sql;3;0.756217
9;x86-64;O1;8.sql;1;0.425509
9;x86-64;O1;8.sql;2;0.345377
9;x86-64;O1;8.sql;3;0.341203
9;x86-64;O1;9.sql;1;3.221984
9;x86-64;O1;9.sql;2;3.154383
9;x86-64;O1;9.sql;3;3.187389
9;x86-64;O2;10.sql;1;1.464412
9;x86-64;O2;10.sql;2;1.453598
9;x86-64;O2;10.sql;3;1.444779
9;x86-64;O2;11.sql;1;0.089773
9;x86-64;O2;11.sql;2;0.091154
9;x86-64;O2;11.sql;3;0.088714
9;x86-64;O2;12.sql;1;1.771982
9;x86-64;O2;12.sql;2;1.774894
9;x86-64;O2;12.sql;3;1.772693
9;x86-64;O2;13.sql;1;1.253089
9;x86-64;O2;13.sql;2;1.248298
9;x86-64;O2;13.sql;3;1.253062
9;x86-64;O2;14.sql;1;0.457571
9;x86-64;O2;14.sql;2;0.240153
9;x86-64;O2;14.sql;3;0.239035
9;x86-64;O2;15.sql;1;0.919134
9;x86-64;O2;15.sql;2;0.534480
9;x86-64;O2;15.sql;3;0.533942
9;x86-64;O2;16.sql;1;0.538390
9;x86-64;O2;16.sql;2;0.527223
9;x86-64;O2;16.sql;3;0.527106
9;x86-64;O2;17-flattened.sql;1;3.342513
9;x86-64;O2;17-flattened.sql;2;3.338817
9;x86-64;O2;17-flattened.sql;3;3.336114
9;x86-64;O2;17.sql;1;3.193944
9;x86-64;O2;17.sql;2;3.182318
9;x86-64;O2;17.sql;3;3.192173
9;x86-64;O2;18.sql;1;3.386077
9;x86-64;O2;18.sql;2;3.447755
9;x86-64;O2;18.sql;3;3.429479
9;x86-64;O2;19.sql;1;0.109838
9;x86-64;O2;19.sql;2;0.096807
9;x86-64;O2;19.sql;3;0.096833
9;x86-64;O2;1.sql;1;7.300977
9;x86-64;O2;1.sql;2;7.290245
9;x86-64;O2;1.sql;3;7.337932
9;x86-64;O2;20-flattened.sql;1;2.016561
9;x86-64;O2;20-flattened.sql;2;1.939093
9;x86-64;O2;20-flattened.sql;3;1.931658
9;x86-64;O2;20.sql;1;1.378348
9;x86-64;O2;20.sql;2;1.363288
9;x86-64;O2;20.sql;3;1.362376
9;x86-64;O2;21.sql;1;1.743796
9;x86-64;O2;21.sql;2;1.665904
9;x86-64;O2;21.sql;3;1.669159
9;x86-64;O2;22.sql;1;0.188218
9;x86-64;O2;22.sql;2;0.177737
9;x86-64;O2;22.sql;3;0.178039
9;x86-64;O2;2-flattened.sql;1;0.577669
9;x86-64;O2;2-flattened.sql;2;0.495837
9;x86-64;O2;2-flattened.sql;3;0.496765
9;x86-64;O2;2.sql;1;0.229957
9;x86-64;O2;2.sql;2;0.227752
9;x86-64;O2;2.sql;3;0.227247
9;x86-64;O2;3.sql;1;1.077384
9;x86-64;O2;3.sql;2;1.105305
9;x86-64;O2;3.sql;3;1.027999
9;x86-64;O2;4.sql;1;0.322266
9;x86-64;O2;4.sql;2;0.277374
9;x86-64;O2;4.sql;3;0.278752
9;x86-64;O2;5.sql;1;0.449260
9;x86-64;O2;5.sql;2;0.399901
9;x86-64;O2;5.sql;3;0.404441
9;x86-64;O2;6.sql;1;0.369095
9;x86-64;O2;6.sql;2;0.333183
9;x86-64;O2;6.sql;3;0.277864
9;x86-64;O2;7.sql;1;0.826323
9;x86-64;O2;7.sql;2;0.709677
9;x86-64;O2;7.sql;3;0.686276
9;x86-64;O2;8.sql;1;0.404332
9;x86-64;O2;8.sql;2;0.325669
9;x86-64;O2;8.sql;3;0.315412
9;x86-64;O2;9.sql;1;3.068313
9;x86-64;O2;9.sql;2;3.005939
9;x86-64;O2;9.sql;3;3.037781
9;x86-64;O3;10.sql;1;1.423343
9;x86-64;O3;10.sql;2;1.399269
9;x86-64;O3;10.sql;3;1.419347
9;x86-64;O3;11.sql;1;0.091107
9;x86-64;O3;11.sql;2;0.088343
9;x86-64;O3;11.sql;3;0.088138
9;x86-64;O3;12.sql;1;1.726379
9;x86-64;O3;12.sql;2;1.699585
9;x86-64;O3;12.sql;3;1.701404
9;x86-64;O3;13.sql;1;1.254925
9;x86-64;O3;13.sql;2;1.251796
9;x86-64;O3;13.sql;3;1.252276
9;x86-64;O3;14.sql;1;0.442565
9;x86-64;O3;14.sql;2;0.223634
9;x86-64;O3;14.sql;3;0.223935
9;x86-64;O3;15.sql;1;0.900727
9;x86-64;O3;15.sql;2;0.522232
9;x86-64;O3;15.sql;3;0.523429
9;x86-64;O3;16.sql;1;0.531115
9;x86-64;O3;16.sql;2;0.520032
9;x86-64;O3;16.sql;3;0.519410
9;x86-64;O3;17-flattened.sql;1;3.332314
9;x86-64;O3;17-flattened.sql;2;3.322075
9;x86-64;O3;17-flattened.sql;3;3.324235
9;x86-64;O3;17.sql;1;3.141152
9;x86-64;O3;17.sql;2;3.158652
9;x86-64;O3;17.sql;3;3.142985
9;x86-64;O3;18.sql;1;3.356024
9;x86-64;O3;18.sql;2;3.395842
9;x86-64;O3;18.sql;3;3.382721
9;x86-64;O3;19.sql;1;0.110063
9;x86-64;O3;19.sql;2;0.096904
9;x86-64;O3;19.sql;3;0.097037
9;x86-64;O3;1.sql;1;6.551192
9;x86-64;O3;1.sql;2;6.568199
9;x86-64;O3;1.sql;3;6.573231
9;x86-64;O3;20-flattened.sql;1;1.887220
9;x86-64;O3;20-flattened.sql;2;1.820685
9;x86-64;O3;20-flattened.sql;3;1.822144
9;x86-64;O3;20.sql;1;1.349974
9;x86-64;O3;20.sql;2;1.335310
9;x86-64;O3;20.sql;3;1.337891
9;x86-64;O3;21.sql;1;1.715725
9;x86-64;O3;21.sql;2;1.653287
9;x86-64;O3;21.sql;3;1.629771
9;x86-64;O3;22.sql;1;0.184785
9;x86-64;O3;22.sql;2;0.174582
9;x86-64;O3;22.sql;3;0.175199
9;x86-64;O3;2-flattened.sql;1;0.583217
9;x86-64;O3;2-flattened.sql;2;0.506794
9;x86-64;O3;2-flattened.sql;3;0.506143
9;x86-64;O3;2.sql;1;0.232799
9;x86-64;O3;2.sql;2;0.230487
9;x86-64;O3;2.sql;3;0.230106
9;x86-64;O3;3.sql;1;1.065868
9;x86-64;O3;3.sql;2;1.092340
9;x86-64;O3;3.sql;3;1.021993
9;x86-64;O3;4.sql;1;0.318759
9;x86-64;O3;4.sql;2;0.275147
9;x86-64;O3;4.sql;3;0.275723
9;x86-64;O3;5.sql;1;0.441786
9;x86-64;O3;5.sql;2;0.393682
9;x86-64;O3;5.sql;3;0.393995
9;x86-64;O3;6.sql;1;0.368762
9;x86-64;O3;6.sql;2;0.333377
9;x86-64;O3;6.sql;3;0.276801
9;x86-64;O3;7.sql;1;0.821704
9;x86-64;O3;7.sql;2;0.708954
9;x86-64;O3;7.sql;3;0.689798
9;x86-64;O3;8.sql;1;0.400185
9;x86-64;O3;8.sql;2;0.323471
9;x86-64;O3;8.sql;3;0.318884
9;x86-64;O3;9.sql;1;2.927321
9;x86-64;O3;9.sql;2;2.872480
9;x86-64;O3;9.sql;3;2.894250
9;x86-64;Os;10.sql;1;1.430827
9;x86-64;Os;10.sql;2;1.423282
9;x86-64;Os;10.sql;3;1.438408
9;x86-64;Os;11.sql;1;0.096357
9;x86-64;Os;11.sql;2;0.093553
9;x86-64;Os;11.sql;3;0.095405
9;x86-64;Os;12.sql;1;1.703779
9;x86-64;Os;12.sql;2;1.701687
9;x86-64;Os;12.sql;3;1.703005
9;x86-64;Os;13.sql;1;1.201717
9;x86-64;Os;13.sql;2;1.200046
9;x86-64;Os;13.sql;3;1.199552
9;x86-64;Os;14.sql;1;0.441603
9;x86-64;Os;14.sql;2;0.223459
9;x86-64;Os;14.sql;3;0.224687
9;x86-64;Os;15.sql;1;0.918245
9;x86-64;Os;15.sql;2;0.548914
9;x86-64;Os;15.sql;3;0.550810
9;x86-64;Os;16.sql;1;0.554232
9;x86-64;Os;16.sql;2;0.542983
9;x86-64;Os;16.sql;3;0.543152
9;x86-64;Os;17-flattened.sql;1;3.385917
9;x86-64;Os;17-flattened.sql;2;3.381087
9;x86-64;Os;17-flattened.sql;3;3.391745
9;x86-64;Os;17.sql;1;3.203956
9;x86-64;Os;17.sql;2;3.208077
9;x86-64;Os;17.sql;3;3.202773
9;x86-64;Os;18.sql;1;3.488131
9;x86-64;Os;18.sql;2;3.529766
9;x86-64;Os;18.sql;3;3.509653
9;x86-64;Os;19.sql;1;0.115592
9;x86-64;Os;19.sql;2;0.103176
9;x86-64;Os;19.sql;3;0.103368
9;x86-64;Os;1.sql;1;6.821161
9;x86-64;Os;1.sql;2;6.828955
9;x86-64;Os;1.sql;3;6.826200
9;x86-64;Os;20-flattened.sql;1;1.923093
9;x86-64;Os;20-flattened.sql;2;1.842604
9;x86-64;Os;20-flattened.sql;3;1.846331
9;x86-64;Os;20.sql;1;1.408763
9;x86-64;Os;20.sql;2;1.394661
9;x86-64;Os;20.sql;3;1.396456
9;x86-64;Os;21.sql;1;1.751475
9;x86-64;Os;21.sql;2;1.695913
9;x86-64;Os;21.sql;3;1.679309
9;x86-64;Os;22.sql;1;0.197806
9;x86-64;Os;22.sql;2;0.186559
9;x86-64;Os;22.sql;3;0.187003
9;x86-64;Os;2-flattened.sql;1;0.608750
9;x86-64;Os;2-flattened.sql;2;0.529826
9;x86-64;Os;2-flattened.sql;3;0.530080
9;x86-64;Os;2.sql;1;0.252658
9;x86-64;Os;2.sql;2;0.249695
9;x86-64;Os;2.sql;3;0.250219
9;x86-64;Os;3.sql;1;1.098350
9;x86-64;Os;3.sql;2;1.136046
9;x86-64;Os;3.sql;3;1.058057
9;x86-64;Os;4.sql;1;1.865507
9;x86-64;Os;4.sql;2;1.872631
9;x86-64;Os;4.sql;3;1.854570
9;x86-64;Os;5.sql;1;0.449533
9;x86-64;Os;5.sql;2;0.408225
9;x86-64;Os;5.sql;3;0.412897
9;x86-64;Os;6.sql;1;0.365162
9;x86-64;Os;6.sql;2;0.290182
9;x86-64;Os;6.sql;3;0.290210
9;x86-64;Os;7.sql;1;0.859314
9;x86-64;Os;7.sql;2;0.755774
9;x86-64;Os;7.sql;3;0.729167
9;x86-64;Os;8.sql;1;0.415402
9;x86-64;Os;8.sql;2;0.337664
9;x86-64;Os;8.sql;3;0.330742
9;x86-64;Os;9.sql;1;3.082982
9;x86-64;Os;9.sql;2;3.030118
9;x86-64;Os;9.sql;3;3.055461
9;x86-64;Oz;10.sql;1;1.482669
9;x86-64;Oz;10.sql;2;1.481748
9;x86-64;Oz;10.sql;3;1.479007
9;x86-64;Oz;11.sql;1;0.105712
9;x86-64;Oz;11.sql;2;0.103632
9;x86-64;Oz;11.sql;3;0.103245
9;x86-64;Oz;12.sql;1;1.818621
9;x86-64;Oz;12.sql;2;1.796729
9;x86-64;Oz;12.sql;3;1.797229
9;x86-64;Oz;13.sql;1;1.337281
9;x86-64;Oz;13.sql;2;1.333662
9;x86-64;Oz;13.sql;3;1.329640
9;x86-64;Oz;14.sql;1;0.454474
9;x86-64;Oz;14.sql;2;0.232599
9;x86-64;Oz;14.sql;3;0.231932
9;x86-64;Oz;15.sql;1;0.949352
9;x86-64;Oz;15.sql;2;0.560716
9;x86-64;Oz;15.sql;3;0.562046
9;x86-64;Oz;16.sql;1;0.567989
9;x86-64;Oz;16.sql;2;0.556829
9;x86-64;Oz;16.sql;3;0.556743
9;x86-64;Oz;17-flattened.sql;1;3.523336
9;x86-64;Oz;17-flattened.sql;2;3.503251
9;x86-64;Oz;17-flattened.sql;3;3.525686
9;x86-64;Oz;17.sql;1;3.324170
9;x86-64;Oz;17.sql;2;3.318427
9;x86-64;Oz;17.sql;3;3.326329
9;x86-64;Oz;18.sql;1;3.720306
9;x86-64;Oz;18.sql;2;3.737987
9;x86-64;Oz;18.sql;3;3.735204
9;x86-64;Oz;19.sql;1;0.115047
9;x86-64;Oz;19.sql;2;0.103338
9;x86-64;Oz;19.sql;3;0.103499
9;x86-64;Oz;1.sql;1;7.583168
9;x86-64;Oz;1.sql;2;7.606488
9;x86-64;Oz;1.sql;3;7.590858
9;x86-64;Oz;20-flattened.sql;1;2.013559
9;x86-64;Oz;20-flattened.sql;2;1.932470
9;x86-64;Oz;20-flattened.sql;3;1.931274
9;x86-64;Oz;20.sql;1;1.467537
9;x86-64;Oz;20.sql;2;1.455940
9;x86-64;Oz;20.sql;3;1.457671
9;x86-64;Oz;21.sql;1;1.779865
9;x86-64;Oz;21.sql;2;1.702323
9;x86-64;Oz;21.sql;3;1.704953
9;x86-64;Oz;22.sql;1;0.198176
9;x86-64;Oz;22.sql;2;0.186463
9;x86-64;Oz;22.sql;3;0.186348
9;x86-64;Oz;2-flattened.sql;1;0.635323
9;x86-64;Oz;2-flattened.sql;2;0.554420
9;x86-64;Oz;2-flattened.sql;3;0.554461
9;x86-64;Oz;2.sql;1;0.254608
9;x86-64;Oz;2.sql;2;0.251280
9;x86-64;Oz;2.sql;3;0.251824
9;x86-64;Oz;3.sql;1;1.099547
9;x86-64;Oz;3.sql;2;1.132524
9;x86-64;Oz;3.sql;3;1.062038
9;x86-64;Oz;4.sql;1;0.324544
9;x86-64;Oz;4.sql;2;0.282441
9;x86-64;Oz;4.sql;3;0.281540
9;x86-64;Oz;5.sql;1;0.456955
9;x86-64;Oz;5.sql;2;0.409436
9;x86-64;Oz;5.sql;3;0.410547
9;x86-64;Oz;6.sql;1;0.391573
9;x86-64;Oz;6.sql;2;0.356621
9;x86-64;Oz;6.sql;3;0.300445
9;x86-64;Oz;7.sql;1;0.863165
9;x86-64;Oz;7.sql;2;0.751750
9;x86-64;Oz;7.sql;3;0.731052
9;x86-64;Oz;8.sql;1;0.415825
9;x86-64;Oz;8.sql;2;0.338223
9;x86-64;Oz;8.sql;3;0.329731
9;x86-64;Oz;9.sql;1;3.125180
9;x86-64;Oz;9.sql;2;3.063325
9;x86-64;Oz;9.sql;3;3.085339
9;x86-64;Og;10.sql;1;1.746501
9;x86-64;Og;10.sql;2;1.739263
9;x86-64;Og;10.sql;3;1.735483
9;x86-64;Og;11.sql;1;0.099159
9;x86-64;Og;11.sql;2;0.096129
9;x86-64;Og;11.sql;3;0.096074
9;x86-64;Og;12.sql;1;1.869402
9;x86-64;Og;12.sql;2;1.870543
9;x86-64;Og;12.sql;3;1.870737
9;x86-64;Og;13.sql;1;1.360795
9;x86-64;Og;13.sql;2;1.357082
9;x86-64;Og;13.sql;3;1.358901
9;x86-64;Og;14.sql;1;0.467379
9;x86-64;Og;14.sql;2;0.241678
9;x86-64;Og;14.sql;3;0.241048
9;x86-64;Og;15.sql;1;0.982454
9;x86-64;Og;15.sql;2;0.592861
9;x86-64;Og;15.sql;3;0.594066
9;x86-64;Og;16.sql;1;0.587902
9;x86-64;Og;16.sql;2;0.576068
9;x86-64;Og;16.sql;3;0.576330
9;x86-64;Og;17-flattened.sql;1;3.647182
9;x86-64;Og;17-flattened.sql;2;3.742471
9;x86-64;Og;17-flattened.sql;3;3.749422
9;x86-64;Og;17.sql;1;3.458780
9;x86-64;Og;17.sql;2;3.472131
9;x86-64;Og;17.sql;3;3.459881
9;x86-64;Og;18.sql;1;3.820938
9;x86-64;Og;18.sql;2;3.867856
9;x86-64;Og;18.sql;3;3.851010
9;x86-64;Og;19.sql;1;0.116338
9;x86-64;Og;19.sql;2;0.105293
9;x86-64;Og;19.sql;3;0.105562
9;x86-64;Og;1.sql;1;7.750283
9;x86-64;Og;1.sql;2;7.739628
9;x86-64;Og;1.sql;3;7.746982
9;x86-64;Og;20-flattened.sql;1;2.006391
9;x86-64;Og;20-flattened.sql;2;1.922956
9;x86-64;Og;20-flattened.sql;3;1.922484
9;x86-64;Og;20.sql;1;1.488569
9;x86-64;Og;20.sql;2;1.473039
9;x86-64;Og;20.sql;3;1.478217
9;x86-64;Og;21.sql;1;2.001085
9;x86-64;Og;21.sql;2;1.930844
9;x86-64;Og;21.sql;3;1.926286
9;x86-64;Og;22.sql;1;0.211804
9;x86-64;Og;22.sql;2;0.200684
9;x86-64;Og;22.sql;3;0.201213
9;x86-64;Og;2-flattened.sql;1;0.627018
9;x86-64;Og;2-flattened.sql;2;0.544853
9;x86-64;Og;2-flattened.sql;3;0.543669
9;x86-64;Og;2.sql;1;0.254699
9;x86-64;Og;2.sql;2;0.250605
9;x86-64;Og;2.sql;3;0.251145
9;x86-64;Og;3.sql;1;1.189511
9;x86-64;Og;3.sql;2;1.216182
9;x86-64;Og;3.sql;3;1.132509
9;x86-64;Og;4.sql;1;1.982998
9;x86-64;Og;4.sql;2;1.979615
9;x86-64;Og;4.sql;3;1.979775
9;x86-64;Og;5.sql;1;0.474890
9;x86-64;Og;5.sql;2;0.429609
9;x86-64;Og;5.sql;3;0.430489
9;x86-64;Og;6.sql;1;0.381159
9;x86-64;Og;6.sql;2;0.302787
9;x86-64;Og;6.sql;3;0.303025
9;x86-64;Og;7.sql;1;0.899467
9;x86-64;Og;7.sql;2;0.791987
9;x86-64;Og;7.sql;3;0.765386
9;x86-64;Og;8.sql;1;0.441075
9;x86-64;Og;8.sql;2;0.358399
9;x86-64;Og;8.sql;3;0.351361
9;x86-64;Og;9.sql;1;3.280616
9;x86-64;Og;9.sql;2;3.210929
9;x86-64;Og;9.sql;3;3.238489
9;x86-64;Ofast;10.sql;1;
9;x86-64;Ofast;10.sql;2;
9;x86-64;Ofast;10.sql;3;
9;x86-64;Ofast;11.sql;1;
9;x86-64;Ofast;11.sql;2;
9;x86-64;Ofast;11.sql;3;
9;x86-64;Ofast;12.sql;1;
9;x86-64;Ofast;12.sql;2;
9;x86-64;Ofast;12.sql;3;
9;x86-64;Ofast;13.sql;1;
9;x86-64;Ofast;13.sql;2;
9;x86-64;Ofast;13.sql;3;
9;x86-64;Ofast;14.sql;1;
9;x86-64;Ofast;14.sql;2;
9;x86-64;Ofast;14.sql;3;
9;x86-64;Ofast;15.sql;1;
9;x86-64;Ofast;15.sql;2;
9;x86-64;Ofast;15.sql;3;
9;x86-64;Ofast;16.sql;1;
9;x86-64;Ofast;16.sql;2;
9;x86-64;Ofast;16.sql;3;
9;x86-64;Ofast;17-flattened.sql;1;
9;x86-64;Ofast;17-flattened.sql;2;
9;x86-64;Ofast;17-flattened.sql;3;
9;x86-64;Ofast;17.sql;1;
9;x86-64;Ofast;17.sql;2;
9;x86-64;Ofast;17.sql;3;
9;x86-64;Ofast;18.sql;1;
9;x86-64;Ofast;18.sql;2;
9;x86-64;Ofast;18.sql;3;
9;x86-64;Ofast;19.sql;1;
9;x86-64;Ofast;19.sql;2;
9;x86-64;Ofast;19.sql;3;
9;x86-64;Ofast;1.sql;1;
9;x86-64;Ofast;1.sql;2;
9;x86-64;Ofast;1.sql;3;
9;x86-64;Ofast;20-flattened.sql;1;
9;x86-64;Ofast;20-flattened.sql;2;
9;x86-64;Ofast;20-flattened.sql;3;
9;x86-64;Ofast;20.sql;1;
9;x86-64;Ofast;20.sql;2;
9;x86-64;Ofast;20.sql;3;
9;x86-64;Ofast;21.sql;1;
9;x86-64;Ofast;21.sql;2;
9;x86-64;Ofast;21.sql;3;
9;x86-64;Ofast;22.sql;1;
9;x86-64;Ofast;22.sql;2;
9;x86-64;Ofast;22.sql;3;
9;x86-64;Ofast;2-flattened.sql;1;
9;x86-64;Ofast;2-flattened.sql;2;
9;x86-64;Ofast;2-flattened.sql;3;
9;x86-64;Ofast;2.sql;1;
9;x86-64;Ofast;2.sql;2;
9;x86-64;Ofast;2.sql;3;
9;x86-64;Ofast;3.sql;1;
9;x86-64;Ofast;3.sql;2;
9;x86-64;Ofast;3.sql;3;
9;x86-64;Ofast;4.sql;1;
9;x86-64;Ofast;4.sql;2;
9;x86-64;Ofast;4.sql;3;
9;x86-64;Ofast;5.sql;1;
9;x86-64;Ofast;5.sql;2;
9;x86-64;Ofast;5.sql;3;
9;x86-64;Ofast;6.sql;1;
9;x86-64;Ofast;6.sql;2;
9;x86-64;Ofast;6.sql;3;
9;x86-64;Ofast;7.sql;1;
9;x86-64;Ofast;7.sql;2;
9;x86-64;Ofast;7.sql;3;
9;x86-64;Ofast;8.sql;1;
9;x86-64;Ofast;8.sql;2;
9;x86-64;Ofast;8.sql;3;
9;x86-64;Ofast;9.sql;1;
9;x86-64;Ofast;9.sql;2;
9;x86-64;Ofast;9.sql;3;
